order_id,order_date,customer_id,sku_id,location_id,quantity,unit_price_usd,order_status,channel,promised_delivery_date
ORD-00107,2024-03-13,CUST-0148,Sku-048,LOC-PHX-RDC,37,799.88,DELIVERED,B2B,2024-01-24
ORD-00268,2024-02-19,CUST-0083,SKU-125,LOC-MIN-RDC,171,274.1,PROCESSING,B2C,2024-10-23
ORD-00157,2024-01-26,CUST-0061,Sku-163,LOC-DEN-RDC,168,1139.41,PROCESSING,Direct,2024-03-19
ORD-00086,2024-05-28,CUST-0078,Sku-138,LOC-DET-RDC,218,1382.04,CANCELLED,B2C,2024-02-01
ORD-00315,2024-07-15,CUST-0037,Sku-178,LOC-POR-RDC,183,1603.17,SHIPPED,Direct,2024-03-29
ORD-00336,2024-11-11,CUST-0134,SKU166,LOC-SEA-RDC,215,408.3,CANCELLED,B2B,2024-05-15
ORD-00034,2024-08-02,CUST-0057,SKU-045,LOC-MIN-RDC,108,343.29,PENDING,EDI,2024-04-05
ORD-00371,2024-05-07,CUST-0106,Sku-143,LOC-BOS-RDC,39,218.09,DELIVERED,Marketplace,2024-09-24
ORD-00149,2024-03-22,CUST-0077,Sku-043,LOC-PHX-RDC,15,1276.5,SHIPPED,B2C,2024-07-29
ORD-00309,2024-06-16,CUST-0071,SKU126,LOC-HOU-RDC,120,1415.89,CANCELLED,B2C,2024-11-05
ORD-00229,2024-10-22,CUST-0016,SKU 074,LOC-PHX-RDC,241,72.86,PENDING,B2B,2024-10-18
ORD-00059,2024-06-09,CUST-0143,SKU036,LOC-HOU-RDC,4,1873.06,PENDING,Direct,2024-11-25
ORD-00013,2024-04-07,CUST-0045,Sku-048,LOC-BOS-RDC,93,113.42,SHIPPED,B2C,2024-01-13
ORD-00101,2024-03-22,CUST-0110,SKU081,LOC-POR-RDC,214,1087.18,PENDING,Direct,2025-01-06
ORD-00244,2024-09-12,CUST-0143,SKU116,LOC-MIN-RDC,153,1421.03,PENDING,B2C,2025-01-10
ORD-00332,2024-09-20,CUST-0127,SKU 159,LOC-HOU-RDC,141,1743.23,PENDING,EDI,2024-12-07
ORD-00168,2024-08-27,CUST-0013,SKU 014,LOC-POR-RDC,210,1431.03,PENDING,B2B,2024-05-28
ORD-00478,2024-09-12,CUST-0089,sku_092,LOC-BOS-RDC,161,1605.44,CANCELLED,Direct,2024-02-16
ORD-00005,2024-06-06,CUST-0098,Sku-003,LOC-DET-RDC,16,685.51,SHIPPED,B2B,2024-04-23
ORD-00326,2024-09-11,CUST-0135,SKU-125,LOC-BOS-RDC,237,1631.5,DELIVERED,Marketplace,2024-08-20
ORD-00267,2024-01-12,CUST-0082,SKU-035,LOC-MIA-RDC,170,169.43,DELIVERED,B2B,2024-11-09
ORD-00456,2024-02-16,CUST-0107,SKU-050,LOC-SEA-RDC,108,1790.69,PENDING,Direct,2024-09-01
ORD-00334,2024-07-20,CUST-0105,SKU 099,LOC-STL-RDC,126,1099.71,CANCELLED,Direct,2024-09-06
ORD-00349,2024-09-15,CUST-0039,SKU 144,LOC-SEA-RDC,194,1636.42,PENDING,Marketplace,2024-03-31
ORD-00160,2024-08-22,CUST-0077,SKU-130,LOC-BOS-RDC,55,910.11,PENDING,Marketplace,2024-04-25
ORD-00118,2024-05-03,CUST-0097,Sku-168,LOC-DET-RDC,227,1290.72,CANCELLED,B2C,2024-08-01
ORD-00289,2024-04-20,CUST-0048,sku_127,LOC-MIN-RDC,170,1057.54,PROCESSING,Direct,2024-11-06
ORD-00139,2024-10-25,CUST-0138,SKU-105,LOC-SEA-RDC,34,1465.86,SHIPPED,B2B,2024-03-17
ORD-00288,2024-06-29,CUST-0122,SKU176,LOC-MIN-RDC,158,172.44,DELIVERED,Marketplace,2024-10-28
ORD-00299,2024-01-25,CUST-0062,SKU126,LOC-SEA-RDC,247,130.1,CANCELLED,B2B,2024-04-06
ORD-00366,2024-01-26,CUST-0058,sku_107,LOC-STL-RDC,13,501.74,DELIVERED,Marketplace,2024-11-18
ORD-00105,2024-05-24,CUST-0077,sku_182,LOC-PHX-RDC,141,327.49,CANCELLED,Direct,2024-12-06
ORD-00163,2024-09-10,CUST-0037,SKU 114,LOC-DEN-RDC,18,1744.85,CANCELLED,Marketplace,2024-09-21
ORD-00125,2024-11-01,CUST-0119,SKU126,LOC-BOS-RDC,160,446.24,PROCESSING,Direct,2024-05-18
ORD-00475,2024-11-30,CUST-0015,Sku-043,LOC-DET-RDC,96,1951.97,PENDING,Marketplace,2024-03-29
ORD-00143,2024-12-10,CUST-0144,sku_022,LOC-BOS-RDC,227,680.42,SHIPPED,B2C,2025-01-08
ORD-00154,2024-08-28,CUST-0106,SKU-145,LOC-STL-RDC,123,372.41,PROCESSING,Marketplace,2024-12-20
ORD-00438,2024-05-26,CUST-0107,Sku-008,LOC-POR-RDC,39,1581.5,DELIVERED,B2C,2024-06-27
ORD-00049,2024-10-01,CUST-0143,SKU-195,LOC-SEA-RDC,46,1320.83,SHIPPED,B2C,2024-08-23
ORD-00222,2024-01-05,CUST-0136,sku_057,LOC-MIA-RDC,244,1001.41,PENDING,B2B,2024-11-04
ORD-00073,2024-02-25,CUST-0035,SKU-075,LOC-PHX-RDC,29,1115.17,PROCESSING,Direct,2024-11-01
ORD-00373,2024-08-08,CUST-0100,SKU 009,LOC-DEN-RDC,190,1441.21,CANCELLED,Marketplace,2024-02-08
ORD-00046,2024-03-09,CUST-0063,SKU071,LOC-SEA-RDC,241,464.62,DELIVERED,Marketplace,2024-04-30
ORD-00037,2024-05-15,CUST-0066,Sku-058,LOC-BOS-RDC,221,1992.7,PROCESSING,EDI,2024-07-15
ORD-00375,2024-07-06,CUST-0053,Sku-138,LOC-DET-RDC,62,1949.84,PROCESSING,Marketplace,2024-07-19
ORD-00106,2024-07-25,CUST-0085,SKU 074,LOC-STL-RDC,245,1304.15,SHIPPED,Direct,2024-03-11
ORD-00050,2024-07-06,CUST-0021,SKU 044,LOC-MIN-RDC,236,407.09,DELIVERED,Direct,2024-02-28
ORD-00006,2024-01-24,CUST-0116,SKU-200,LOC-POR-RDC,185,1363.65,DELIVERED,Marketplace,2024-01-12
ORD-00002,2024-07-24,CUST-0095,Sku-118,LOC-DEN-RDC,16,153.67,DELIVERED,B2C,2024-04-16
ORD-00410,2024-01-27,CUST-0024,SKU-145,LOC-HOU-RDC,184,71.0,SHIPPED,EDI,2024-09-27
ORD-00137,2024-10-18,CUST-0138,SKU191,LOC-DEN-RDC,236,522.79,DELIVERED,Direct,2024-09-18
ORD-00134,2024-10-14,CUST-0049,Sku-198,LOC-DET-RDC,239,930.62,SHIPPED,EDI,2024-12-19
ORD-00097,2024-04-09,CUST-0014,sku_197,LOC-MIA-RDC,121,1737.86,CANCELLED,EDI,2024-08-05
ORD-00367,2024-07-04,CUST-0069,sku_127,LOC-STL-RDC,10,1457.07,SHIPPED,Direct,2024-03-20
ORD-00372,2024-10-10,CUST-0097,SKU141,LOC-DEN-RDC,158,1487.99,PENDING,B2C,2024-11-09
ORD-00212,2024-05-27,CUST-0011,SKU131,LOC-HOU-RDC,153,856.73,DELIVERED,B2C,2024-02-22
ORD-00182,2024-02-07,CUST-0019,SKU 029,LOC-HOU-RDC,103,698.41,PENDING,Direct,2024-04-03
ORD-00101,2024-07-16,CUST-0049,sku_147,LOC-SEA-RDC,84,748.37,PENDING,Marketplace,2024-09-03
ORD-00165,2024-09-15,CUST-0144,SKU-030,LOC-STL-RDC,133,1975.42,CANCELLED,Marketplace,2024-11-13
ORD-00038,2024-08-18,CUST-0056,SKU 069,LOC-MIA-RDC,65,89.82,PROCESSING,EDI,2024-11-06
ORD-00457,2024-10-08,CUST-0123,SKU 199,LOC-BOS-RDC,222,1735.39,CANCELLED,Marketplace,2024-01-23
ORD-00135,2024-05-23,CUST-0054,SKU-140,LOC-PHX-RDC,177,1161.56,SHIPPED,EDI,2024-10-02
ORD-00323,2024-11-15,CUST-0086,SKU 094,LOC-PHX-RDC,3,882.84,SHIPPED,Marketplace,2024-09-17
ORD-00434,2024-12-14,CUST-0078,SKU 139,LOC-MIN-RDC,173,1453.26,DELIVERED,B2C,2024-03-04
ORD-00078,2024-11-08,CUST-0004,SKU 194,LOC-STL-RDC,142,978.47,PENDING,B2C,2024-02-20
ORD-00435,2024-03-01,CUST-0055,SKU011,LOC-MIN-RDC,120,1748.11,CANCELLED,B2C,2024-09-06
ORD-00167,2024-03-06,CUST-0049,SKU-195,LOC-MIN-RDC,158,1802.4,PROCESSING,Marketplace,2024-12-06
ORD-00026,2024-02-19,CUST-0031,SKU-185,LOC-POR-RDC,242,849.22,CANCELLED,EDI,2024-03-10
ORD-00311,2024-07-20,CUST-0123,Sku-113,LOC-PHX-RDC,68,560.89,DELIVERED,EDI,2024-11-07
ORD-00207,2024-07-10,CUST-0063,SKU-140,LOC-BOS-RDC,146,1188.78,CANCELLED,B2C,2024-10-06
ORD-00411,2024-06-22,CUST-0053,SKU056,LOC-DEN-RDC,190,1825.6,PROCESSING,B2C,2024-01-04
ORD-00465,2024-10-12,CUST-0102,SKU 109,LOC-BOS-RDC,37,429.22,PROCESSING,Marketplace,2024-12-16
ORD-00283,2024-07-06,CUST-0062,sku_027,LOC-MIA-RDC,153,1249.7,PENDING,Marketplace,2024-12-01
ORD-00029,2024-03-14,CUST-0142,SKU 189,LOC-HOU-RDC,176,1266.8,PENDING,EDI,2024-08-11
ORD-00388,2024-04-11,CUST-0083,Sku-168,LOC-DEN-RDC,193,1468.89,DELIVERED,B2B,2024-09-27
ORD-00221,2024-11-04,CUST-0073,Sku-193,LOC-MIA-RDC,181,271.82,PENDING,EDI,2024-08-06
ORD-00233,2024-09-17,CUST-0098,SKU 064,LOC-DEN-RDC,238,1434.49,SHIPPED,Marketplace,2024-07-11
ORD-00039,2024-07-24,CUST-0120,sku_077,LOC-MIA-RDC,207,1818.97,PENDING,Direct,2024-01-26
ORD-00080,2024-09-13,CUST-0137,SKU 009,LOC-POR-RDC,73,367.57,SHIPPED,Marketplace,2024-12-26
ORD-00108,2024-01-21,CUST-0092,SKU116,LOC-POR-RDC,143,482.71,CANCELLED,Marketplace,2024-10-01
ORD-00016,2024-01-24,CUST-0079,Sku-068,LOC-MIN-RDC,49,1943.08,SHIPPED,Direct,2024-08-10
ORD-00190,2024-01-20,CUST-0067,SKU-090,LOC-STL-RDC,121,370.14,DELIVERED,Marketplace,2024-04-30
ORD-00065,2024-03-11,CUST-0093,Sku-023,LOC-DEN-RDC,88,1710.23,PROCESSING,EDI,2024-09-06
ORD-00056,2024-12-31,CUST-0132,Sku-113,LOC-DET-RDC,196,989.63,DELIVERED,Direct,2024-07-17
ORD-00209,2024-06-19,CUST-0128,SKU031,LOC-MIN-RDC,140,501.99,DELIVERED,B2B,2024-07-01
ORD-00024,2024-08-30,CUST-0120,SKU 199,LOC-BOS-RDC,187,1742.79,DELIVERED,Marketplace,2024-10-31
ORD-00218,2024-09-22,CUST-0026,SKU061,LOC-POR-RDC,37,896.16,DELIVERED,B2B,2024-12-25
ORD-00138,2024-08-21,CUST-0121,SKU 054,LOC-PHX-RDC,61,1034.49,PENDING,B2B,2024-10-24
ORD-00447,2024-03-17,CUST-0082,SKU 189,LOC-POR-RDC,229,724.87,CANCELLED,Direct,2024-02-23
ORD-00142,2024-11-06,CUST-0053,SKU151,LOC-PHX-RDC,171,1189.97,PROCESSING,B2C,2024-08-08
ORD-00194,2024-09-20,CUST-0095,sku_177,LOC-DEN-RDC,124,335.41,SHIPPED,B2B,2024-03-12
ORD-00273,2024-03-12,CUST-0081,SKU-090,LOC-DEN-RDC,198,788.25,SHIPPED,B2B,2024-05-13
ORD-00088,2024-06-16,CUST-0106,sku_182,LOC-MIA-RDC,39,1939.13,CANCELLED,B2C,2024-09-04
ORD-00117,2024-11-09,CUST-0012,sku_157,LOC-PHX-RDC,184,523.69,DELIVERED,EDI,2024-05-02
ORD-00380,2024-06-12,CUST-0145,sku_162,LOC-HOU-RDC,63,1316.91,DELIVERED,B2C,2024-02-15
ORD-00471,2024-03-24,CUST-0057,SKU-110,LOC-SEA-RDC,46,657.13,PROCESSING,EDI,2024-05-28
ORD-00223,2024-07-20,CUST-0038,Sku-043,LOC-BOS-RDC,88,1549.21,SHIPPED,EDI,2024-11-05
ORD-00188,2024-11-11,CUST-0005,Sku-158,LOC-MIN-RDC,11,270.44,DELIVERED,B2C,2024-10-08
ORD-00462,2024-06-02,CUST-0067,SKU036,LOC-MIA-RDC,62,1939.94,PENDING,B2B,2024-07-31
ORD-00346,2024-10-30,CUST-0142,Sku-053,LOC-DEN-RDC,77,913.04,PROCESSING,EDI,2024-05-14
ORD-00119,2024-06-21,CUST-0150,Sku-053,LOC-BOS-RDC,226,479.74,PENDING,B2C,2024-04-09
ORD-00403,2024-09-16,CUST-0149,SKU016,LOC-MIN-RDC,153,156.26,PENDING,Marketplace,2024-01-06
ORD-00298,2024-09-17,CUST-0107,SKU146,LOC-STL-RDC,199,347.82,CANCELLED,B2B,2025-01-01
ORD-00389,2024-09-29,CUST-0076,SKU-090,LOC-DET-RDC,52,1044.35,CANCELLED,EDI,2024-01-07
ORD-00463,2024-09-07,CUST-0040,sku_137,LOC-SEA-RDC,4,680.64,PENDING,Direct,2024-10-25
ORD-00062,2024-12-28,CUST-0051,sku_072,LOC-PHX-RDC,59,1659.48,CANCELLED,B2B,2024-09-27
ORD-00131,2024-10-15,CUST-0085,Sku-153,LOC-PHX-RDC,72,867.47,PENDING,Marketplace,2024-03-04
ORD-00092,2024-06-02,CUST-0059,Sku-138,LOC-MIA-RDC,148,504.94,DELIVERED,Marketplace,2024-09-26
ORD-00489,2024-08-31,CUST-0098,SKU 044,LOC-SEA-RDC,93,1238.12,CANCELLED,B2C,2024-01-07
ORD-00234,2024-01-09,CUST-0146,Sku-083,LOC-STL-RDC,63,1416.49,PENDING,Marketplace,2024-07-14
ORD-00176,2024-07-07,CUST-0063,SKU181,LOC-POR-RDC,54,342.41,PROCESSING,Direct,2024-12-04
ORD-00012,2024-06-18,CUST-0128,SKU-075,LOC-DET-RDC,117,343.56,PROCESSING,B2C,2024-04-18
ORD-00451,2024-12-10,CUST-0141,SKU-075,LOC-DET-RDC,243,82.98,CANCELLED,Marketplace,2024-12-21
ORD-00301,2024-02-26,CUST-0087,sku_147,LOC-BOS-RDC,237,1475.44,PROCESSING,EDI,2024-06-13
ORD-00419,2024-08-01,CUST-0066,SKU 069,LOC-DEN-RDC,110,1330.97,SHIPPED,B2B,2024-07-31
ORD-00250,2024-10-25,CUST-0126,sku_132,LOC-POR-RDC,74,954.52,SHIPPED,Direct,2024-07-07
ORD-00060,2024-06-06,CUST-0126,SKU 174,LOC-DEN-RDC,107,1689.9,PROCESSING,Direct,2024-02-27
ORD-00387,2024-12-18,CUST-0118,SKU-025,LOC-MIA-RDC,226,1613.28,PENDING,Direct,2024-03-23
ORD-00337,2024-11-18,CUST-0044,SKU-035,LOC-DEN-RDC,57,1174.86,PROCESSING,EDI,2024-08-09
ORD-00202,2024-01-14,CUST-0091,Sku-193,LOC-SEA-RDC,218,1737.86,PROCESSING,Marketplace,2024-12-02
ORD-00408,2024-11-01,CUST-0044,SKU106,LOC-SEA-RDC,169,419.62,PROCESSING,B2B,2024-10-29
ORD-00004,2024-08-30,CUST-0036,SKU016,LOC-BOS-RDC,241,232.72,PENDING,B2B,2024-05-12
ORD-00161,2024-05-15,CUST-0140,SKU071,LOC-MIA-RDC,3,546.8,PENDING,EDI,2024-05-16
ORD-00127,2024-12-01,CUST-0126,Sku-168,LOC-BOS-RDC,120,123.6,SHIPPED,B2C,2024-10-04
ORD-00153,2024-10-23,CUST-0048,Sku-033,LOC-STL-RDC,6,1067.03,CANCELLED,Marketplace,2024-08-07
ORD-00259,2024-10-22,CUST-0139,SKU-180,LOC-MIN-RDC,5,1873.85,SHIPPED,Direct,2024-10-19
ORD-00197,2024-04-26,CUST-0016,SKU 034,LOC-DEN-RDC,5,88.29,PENDING,B2C,2024-07-09
ORD-00227,2024-01-27,CUST-0135,SKU 064,LOC-HOU-RDC,54,253.0,PENDING,EDI,2024-11-12
ORD-00405,2024-10-25,CUST-0009,Sku-038,LOC-HOU-RDC,47,909.88,PENDING,Marketplace,2024-05-24
ORD-00058,2024-09-02,CUST-0020,Sku-183,LOC-PHX-RDC,215,1868.41,PENDING,Marketplace,2024-12-17
ORD-00374,2024-03-28,CUST-0013,Sku-083,LOC-DEN-RDC,177,639.15,PENDING,Marketplace,2024-07-25
ORD-00141,2024-09-25,CUST-0002,SKU 064,LOC-SEA-RDC,9,1019.4,PENDING,B2C,2024-04-17
ORD-00469,2024-11-18,CUST-0106,SKU-195,LOC-DEN-RDC,99,92.73,DELIVERED,B2C,2024-08-02
ORD-00343,2024-11-13,CUST-0036,SKU 174,LOC-BOS-RDC,20,305.2,DELIVERED,EDI,2024-10-12
ORD-00357,2024-07-13,CUST-0060,SKU101,LOC-POR-RDC,122,1973.39,PROCESSING,Direct,2024-10-15
ORD-00017,2024-03-16,CUST-0018,SKU126,LOC-MIA-RDC,241,1930.59,DELIVERED,B2C,2024-09-07
ORD-00089,2024-12-14,CUST-0039,sku_037,LOC-DEN-RDC,61,19.83,SHIPPED,B2B,2024-04-04
ORD-00082,2024-05-04,CUST-0003,Sku-148,LOC-MIN-RDC,123,1904.11,PROCESSING,B2C,2024-07-11
ORD-00340,2024-01-17,CUST-0056,sku_162,LOC-DEN-RDC,234,1281.85,CANCELLED,B2C,2024-10-16
ORD-00219,2024-10-20,CUST-0130,SKU 069,LOC-SEA-RDC,163,1737.16,PENDING,Marketplace,2024-10-14
ORD-00045,2024-12-24,CUST-0117,SKU161,LOC-POR-RDC,178,914.93,DELIVERED,B2B,2024-09-07
ORD-00450,2024-02-26,CUST-0096,sku_107,LOC-SEA-RDC,82,1036.04,SHIPPED,Direct,2024-05-12
ORD-00262,2024-04-07,CUST-0016,sku_097,LOC-MIA-RDC,62,982.8,CANCELLED,B2B,2024-06-09
ORD-00291,2024-01-10,CUST-0124,SKU116,LOC-HOU-RDC,145,1337.06,PENDING,Direct,2024-10-25
ORD-00255,2024-08-13,CUST-0125,SKU-020,LOC-STL-RDC,216,287.91,PENDING,EDI,2024-06-28
ORD-00460,2024-06-09,CUST-0005,Sku-163,LOC-STL-RDC,3,69.65,CANCELLED,Marketplace,2024-12-30
ORD-00126,2024-08-02,CUST-0002,sku_197,LOC-POR-RDC,160,622.78,CANCELLED,EDI,2024-07-25
ORD-00318,2024-03-18,CUST-0137,SKU 024,LOC-SEA-RDC,227,1412.31,CANCELLED,B2C,2025-01-14
ORD-00055,2024-07-30,CUST-0142,SKU 104,LOC-STL-RDC,230,411.69,SHIPPED,B2C,2024-03-14
ORD-00208,2024-12-19,CUST-0106,sku_132,LOC-STL-RDC,13,1350.13,PROCESSING,Marketplace,2024-12-06
ORD-00067,2024-04-14,CUST-0004,sku_192,LOC-MIA-RDC,120,1940.12,PROCESSING,EDI,2024-03-04
ORD-00446,2024-07-29,CUST-0005,sku_072,LOC-MIN-RDC,125,196.86,DELIVERED,B2B,2024-04-30
ORD-00031,2024-09-13,CUST-0136,Sku-178,LOC-BOS-RDC,239,1348.48,PENDING,EDI,2024-08-19
ORD-00144,2024-11-09,CUST-0071,SKU-095,LOC-MIA-RDC,89,893.06,DELIVERED,Direct,2024-12-27
ORD-00412,2024-08-29,CUST-0138,sku_117,LOC-PHX-RDC,73,1737.6,PROCESSING,B2C,2024-03-26
ORD-00236,2024-02-01,CUST-0074,SKU-125,LOC-PHX-RDC,68,362.53,CANCELLED,B2B,2024-02-24
ORD-00240,2024-12-27,CUST-0005,SKU 084,LOC-POR-RDC,142,1388.33,PENDING,B2C,2024-04-22
ORD-00266,2024-03-11,CUST-0129,SKU 149,LOC-MIA-RDC,101,1677.85,PROCESSING,EDI,2024-09-20
ORD-00007,2024-09-22,CUST-0111,SKU001,LOC-SEA-RDC,98,1889.78,PENDING,Marketplace,2024-07-27
ORD-00030,2024-04-16,CUST-0046,SKU 199,LOC-HOU-RDC,11,1369.66,DELIVERED,B2B,2024-06-25
ORD-00423,2024-10-14,CUST-0028,Sku-188,LOC-HOU-RDC,105,999.38,PROCESSING,Marketplace,2024-10-11
ORD-00352,2024-06-15,CUST-0025,SKU 024,LOC-HOU-RDC,184,1239.52,DELIVERED,EDI,2024-11-13
ORD-00081,2024-12-05,CUST-0135,Sku-188,LOC-BOS-RDC,67,1739.12,PENDING,Direct,2024-12-25
ORD-00102,2024-09-01,CUST-0039,Sku-118,LOC-PHX-RDC,123,1145.51,SHIPPED,Marketplace,2024-12-19
ORD-00180,2024-09-26,CUST-0062,Sku-163,LOC-POR-RDC,220,70.47,CANCELLED,Marketplace,2024-12-30
ORD-00136,2024-07-11,CUST-0050,SKU171,LOC-STL-RDC,29,1862.59,DELIVERED,EDI,2024-01-30
ORD-00036,2024-06-09,CUST-0135,SKU 179,LOC-DET-RDC,137,1382.16,PENDING,B2B,2024-03-26
ORD-00302,2024-03-29,CUST-0065,sku_092,LOC-POR-RDC,195,1356.26,PROCESSING,EDI,2024-07-21
ORD-00296,2024-08-23,CUST-0091,sku_017,LOC-SEA-RDC,153,439.19,DELIVERED,Marketplace,2024-11-24
ORD-00210,2024-09-29,CUST-0069,sku_137,LOC-DEN-RDC,226,1321.18,PENDING,B2C,2024-01-06
ORD-00397,2024-06-24,CUST-0102,sku_102,LOC-PHX-RDC,76,793.79,SHIPPED,B2C,2024-02-19
ORD-00239,2024-10-06,CUST-0021,SKU056,LOC-STL-RDC,170,1305.95,DELIVERED,Marketplace,2024-03-18
ORD-00467,2024-06-30,CUST-0096,SKU-110,LOC-MIA-RDC,9,222.12,PENDING,B2B,2024-09-01
ORD-00464,2024-12-12,CUST-0104,SKU-055,LOC-STL-RDC,207,1319.11,DELIVERED,Marketplace,2024-11-06
ORD-00182,2024-12-14,CUST-0118,sku_127,LOC-BOS-RDC,40,1998.83,PENDING,B2C,2024-08-13
ORD-00307,2024-11-25,CUST-0145,SKU 069,LOC-DET-RDC,25,105.94,CANCELLED,Direct,2024-02-18
ORD-00385,2024-12-20,CUST-0063,Sku-083,LOC-BOS-RDC,5,1954.58,PENDING,Marketplace,2024-02-05
ORD-00304,2024-05-15,CUST-0058,Sku-073,LOC-DET-RDC,139,819.75,PENDING,Marketplace,2024-05-17
ORD-00441,2024-11-08,CUST-0077,sku_087,LOC-SEA-RDC,187,1742.8,PENDING,Direct,2024-04-26
ORD-00195,2024-09-04,CUST-0021,SKU141,LOC-STL-RDC,226,1566.95,PROCESSING,B2B,2024-07-11
ORD-00166,2024-04-08,CUST-0009,Sku-148,LOC-MIN-RDC,216,1138.36,PENDING,EDI,2024-02-13
ORD-00061,2024-05-06,CUST-0024,SKU 034,LOC-POR-RDC,124,1479.51,CANCELLED,B2C,2024-11-10
ORD-00018,2024-05-22,CUST-0104,SKU-145,LOC-DET-RDC,207,1758.25,SHIPPED,B2C,2024-01-23
ORD-00276,2024-10-12,CUST-0098,SKU-125,LOC-POR-RDC,38,814.24,CANCELLED,EDI,2025-01-08
ORD-00341,2024-06-01,CUST-0097,Sku-088,LOC-MIN-RDC,72,660.8,SHIPPED,EDI,2024-07-18
ORD-00248,2024-04-25,CUST-0142,SKU-175,LOC-HOU-RDC,133,1338.51,PROCESSING,EDI,2024-07-27
ORD-00444,2024-06-01,CUST-0122,SKU196,LOC-DET-RDC,176,1617.61,PROCESSING,EDI,2024-11-13
ORD-00156,2024-05-27,CUST-0015,Sku-013,LOC-MIN-RDC,90,1526.95,PROCESSING,B2C,2024-12-04
ORD-00037,2024-12-26,CUST-0003,sku_012,LOC-STL-RDC,146,1597.65,SHIPPED,Marketplace,2024-09-26
ORD-00008,2024-04-16,CUST-0044,SKU026,LOC-PHX-RDC,198,876.81,CANCELLED,Marketplace,2024-05-29
ORD-00429,2024-12-19,CUST-0022,SKU161,LOC-MIA-RDC,37,1637.49,DELIVERED,Direct,2025-01-02
ORD-00282,2024-12-26,CUST-0128,Sku-118,LOC-SEA-RDC,60,249.22,PROCESSING,Marketplace,2024-11-04
ORD-00437,2024-09-07,CUST-0112,SKU-005,LOC-MIN-RDC,176,1093.53,SHIPPED,B2B,2024-02-02
ORD-00345,2024-06-11,CUST-0085,sku_032,LOC-HOU-RDC,205,21.46,CANCELLED,B2B,2024-04-02
ORD-00278,2024-09-02,CUST-0145,SKU041,LOC-BOS-RDC,28,655.93,PROCESSING,EDI,2024-11-26
ORD-00272,2024-06-27,CUST-0025,Sku-113,LOC-SEA-RDC,197,739.26,PENDING,Direct,2024-09-13
ORD-00201,2024-10-13,CUST-0136,sku_117,LOC-PHX-RDC,205,798.38,CANCELLED,B2C,2024-08-15
ORD-00358,2024-05-20,CUST-0011,SKU001,LOC-SEA-RDC,81,1393.98,SHIPPED,Marketplace,2024-01-09
ORD-00439,2024-05-27,CUST-0059,SKU-110,LOC-POR-RDC,114,783.23,DELIVERED,Marketplace,2024-04-16
ORD-00362,2024-03-03,CUST-0055,sku_052,LOC-DET-RDC,40,902.9,DELIVERED,B2C,2024-12-05
ORD-00361,2024-10-20,CUST-0146,sku_177,LOC-MIN-RDC,45,482.71,DELIVERED,B2B,2024-09-25
ORD-00356,2024-12-12,CUST-0122,SKU 034,LOC-HOU-RDC,224,752.77,PENDING,EDI,2024-05-29
ORD-00252,2024-10-05,CUST-0070,sku_167,LOC-BOS-RDC,62,462.27,CANCELLED,Direct,2024-04-12
ORD-00158,2024-07-13,CUST-0012,Sku-078,LOC-MIA-RDC,93,155.66,PROCESSING,B2B,2024-01-21
ORD-00091,2024-07-21,CUST-0020,SKU041,LOC-DEN-RDC,115,1210.86,CANCELLED,Direct,2024-11-05
ORD-00232,2024-06-25,CUST-0072,SKU071,LOC-BOS-RDC,186,1339.74,DELIVERED,EDI,2024-09-21
ORD-00300,2024-03-15,CUST-0140,SKU 024,LOC-BOS-RDC,67,1242.79,PENDING,Marketplace,2024-09-24
ORD-00216,2024-05-28,CUST-0145,Sku-168,LOC-PHX-RDC,56,932.35,DELIVERED,EDI,2024-12-26
ORD-00342,2024-01-22,CUST-0009,Sku-093,LOC-DET-RDC,40,765.77,SHIPPED,B2B,2024-05-01
ORD-00376,2024-05-27,CUST-0046,SKU-065,LOC-SEA-RDC,98,1728.03,CANCELLED,Marketplace,2024-11-13
ORD-00290,2024-12-31,CUST-0081,sku_022,LOC-BOS-RDC,40,1042.97,PENDING,EDI,2024-03-30
ORD-00422,2024-02-10,CUST-0005,SKU096,LOC-HOU-RDC,91,963.57,DELIVERED,Marketplace,2024-12-14
ORD-00472,2024-06-26,CUST-0054,SKU171,LOC-STL-RDC,205,61.03,PENDING,Marketplace,2024-01-22
ORD-00184,2024-08-14,CUST-0037,sku_167,LOC-MIN-RDC,237,689.08,SHIPPED,Direct,2024-07-06
ORD-00251,2024-12-01,CUST-0102,Sku-043,LOC-MIA-RDC,33,766.59,SHIPPED,Direct,2024-05-05
ORD-00363,2024-05-11,CUST-0020,SKU 014,LOC-MIA-RDC,6,803.66,CANCELLED,B2B,2024-12-04
ORD-00443,2024-09-02,CUST-0077,sku_102,LOC-BOS-RDC,216,1164.54,PENDING,EDI,2024-01-04
ORD-00378,2024-04-19,CUST-0042,SKU161,LOC-HOU-RDC,147,1071.87,DELIVERED,B2C,2024-03-24
ORD-00257,2024-04-13,CUST-0145,SKU 079,LOC-MIN-RDC,80,1219.73,DELIVERED,EDI,2024-02-17
ORD-00442,2024-10-02,CUST-0062,SKU186,LOC-MIN-RDC,168,1532.12,PROCESSING,Marketplace,2024-05-24
ORD-00392,2024-05-18,CUST-0146,SKU-180,LOC-HOU-RDC,92,1627.84,DELIVERED,B2B,2024-07-26
ORD-00168,2024-10-14,CUST-0100,SKU 194,LOC-SEA-RDC,97,1439.06,CANCELLED,B2B,2024-07-02
ORD-00383,2024-12-22,CUST-0139,SKU-060,LOC-MIN-RDC,59,1911.49,SHIPPED,B2C,2024-12-11
ORD-00455,2024-05-19,CUST-0085,SKU-110,LOC-HOU-RDC,59,46.28,DELIVERED,Marketplace,2024-07-24
ORD-00325,2024-03-11,CUST-0099,Sku-168,LOC-HOU-RDC,48,399.6,PROCESSING,Marketplace,2024-07-29
ORD-00377,2024-02-25,CUST-0036,SKU 024,LOC-MIA-RDC,169,25.05,CANCELLED,B2B,2024-10-30
ORD-00431,2024-11-11,CUST-0021,SKU181,LOC-HOU-RDC,13,1298.47,CANCELLED,B2B,2024-04-15
ORD-00335,2024-10-27,CUST-0129,SKU-025,LOC-BOS-RDC,107,1797.08,CANCELLED,B2C,2024-09-25
ORD-00480,2024-05-02,CUST-0089,SKU001,LOC-POR-RDC,45,494.53,CANCELLED,B2C,2024-01-11
ORD-00021,2024-05-04,CUST-0014,SKU-055,LOC-DET-RDC,89,1854.8,CANCELLED,Direct,2024-12-29
ORD-00109,2024-01-26,CUST-0026,Sku-123,LOC-PHX-RDC,181,129.93,CANCELLED,B2B,2024-02-08
ORD-00430,2024-12-08,CUST-0112,SKU-020,LOC-MIA-RDC,170,1869.53,SHIPPED,B2C,2024-02-19
ORD-00308,2024-09-28,CUST-0060,SKU 034,LOC-POR-RDC,100,709.73,SHIPPED,Marketplace,2024-10-11
ORD-00206,2024-04-25,CUST-0020,sku_152,LOC-SEA-RDC,191,211.83,PROCESSING,Direct,2024-05-28
ORD-00286,2024-11-22,CUST-0088,Sku-058,LOC-DEN-RDC,155,976.88,DELIVERED,B2B,2025-01-09
ORD-00133,2024-04-29,CUST-0102,Sku-133,LOC-SEA-RDC,166,520.99,PENDING,B2C,2024-10-16
ORD-00254,2024-01-27,CUST-0084,SKU-175,LOC-BOS-RDC,188,576.9,SHIPPED,B2B,2024-10-28
ORD-00407,2024-02-21,CUST-0008,SKU 114,LOC-HOU-RDC,7,621.51,PENDING,Direct,2024-06-30
ORD-00253,2024-07-30,CUST-0070,Sku-003,LOC-BOS-RDC,133,1608.02,PROCESSING,EDI,2024-06-29
ORD-00353,2024-06-18,CUST-0116,Sku-003,LOC-SEA-RDC,235,1082.93,DELIVERED,B2B,2024-05-24
ORD-00178,2024-08-29,CUST-0126,SKU 179,LOC-DET-RDC,45,629.5,SHIPPED,B2B,2024-04-28
ORD-00128,2024-02-21,CUST-0059,Sku-088,LOC-POR-RDC,58,1224.56,SHIPPED,B2B,2024-11-09
ORD-00482,2024-12-14,CUST-0092,SKU031,LOC-SEA-RDC,249,1435.14,DELIVERED,B2B,2024-04-12
ORD-00087,2024-03-11,CUST-0142,SKU 109,LOC-MIN-RDC,243,552.52,DELIVERED,B2C,2024-08-23
ORD-00484,2024-01-03,CUST-0097,Sku-178,LOC-HOU-RDC,31,832.96,PENDING,EDI,2024-07-28
ORD-00245,2024-10-08,CUST-0111,SKU 034,LOC-BOS-RDC,23,252.55,PENDING,Marketplace,2024-10-24
ORD-00350,2024-03-21,CUST-0048,Sku-123,LOC-MIA-RDC,170,370.49,DELIVERED,B2B,2024-01-06
ORD-00113,2024-07-27,CUST-0150,SKU 019,LOC-MIN-RDC,138,1365.42,SHIPPED,Marketplace,2024-05-16
ORD-00391,2024-11-30,CUST-0098,SKU 059,LOC-MIA-RDC,160,371.06,CANCELLED,B2C,2024-04-02
ORD-00305,2024-08-31,CUST-0022,SKU 099,LOC-MIN-RDC,107,1055.08,PROCESSING,EDI,2024-07-30
ORD-00440,2024-09-01,CUST-0076,Sku-023,LOC-SEA-RDC,181,1421.0,PROCESSING,Direct,2024-09-19
ORD-00112,2024-11-29,CUST-0064,Sku-188,LOC-SEA-RDC,158,222.69,PENDING,Direct,2024-02-27
ORD-00095,2024-04-12,CUST-0019,sku_027,LOC-MIA-RDC,39,1138.95,DELIVERED,Direct,2024-10-16
ORD-00205,2024-05-27,CUST-0022,sku_027,LOC-HOU-RDC,159,520.56,SHIPPED,Direct,2024-02-10
ORD-00032,2024-06-13,CUST-0069,SKU081,LOC-MIA-RDC,82,1926.22,SHIPPED,Direct,2024-09-17
ORD-00382,2024-05-26,CUST-0040,SKU-095,LOC-DEN-RDC,100,972.26,PENDING,EDI,2024-06-02
ORD-00170,2024-11-26,CUST-0098,sku_077,LOC-DET-RDC,2,1613.93,PENDING,B2B,2024-06-26
ORD-00359,2024-01-31,CUST-0040,SKU036,LOC-MIN-RDC,206,1104.95,CANCELLED,Direct,2024-03-03
ORD-00292,2024-02-15,CUST-0100,Sku-098,LOC-DEN-RDC,77,96.39,PROCESSING,B2B,2024-09-22
ORD-00354,2024-11-29,CUST-0082,SKU 199,LOC-MIN-RDC,221,1269.97,PROCESSING,Marketplace,2024-05-14
ORD-00098,2024-10-20,CUST-0093,Sku-193,LOC-STL-RDC,12,1903.29,PROCESSING,B2B,2024-10-05
ORD-00418,2024-04-28,CUST-0028,SKU-035,LOC-HOU-RDC,39,1207.21,PENDING,Marketplace,2024-10-24
ORD-00294,2024-09-30,CUST-0024,SKU-165,LOC-DEN-RDC,194,1640.19,CANCELLED,B2B,2024-05-11
ORD-00243,2024-01-20,CUST-0002,SKU 174,LOC-MIN-RDC,224,1769.57,DELIVERED,Marketplace,2024-12-24
ORD-00204,2024-03-30,CUST-0079,sku_037,LOC-PHX-RDC,13,463.88,PENDING,B2B,2024-08-17
ORD-00321,2024-08-01,CUST-0114,Sku-018,LOC-MIN-RDC,46,431.97,CANCELLED,B2B,2024-07-15
ORD-00416,2024-03-31,CUST-0093,SKU136,LOC-MIA-RDC,155,1225.85,PENDING,EDI,2024-10-18
ORD-00162,2024-01-19,CUST-0070,SKU-145,LOC-MIA-RDC,113,827.95,DELIVERED,Marketplace,2024-09-07
ORD-00022,2024-07-22,CUST-0027,Sku-003,LOC-STL-RDC,233,1681.32,DELIVERED,B2B,2024-05-07
ORD-00398,2024-09-10,CUST-0034,sku_157,LOC-POR-RDC,17,1801.05,CANCELLED,EDI,2024-06-25
ORD-00285,2024-04-05,CUST-0023,sku_167,LOC-MIN-RDC,104,713.31,SHIPPED,EDI,2024-08-25
ORD-00104,2024-05-28,CUST-0048,Sku-043,LOC-MIA-RDC,223,481.37,DELIVERED,Marketplace,2024-12-17
ORD-00151,2024-01-20,CUST-0111,Sku-113,LOC-DET-RDC,98,1563.25,DELIVERED,B2B,2024-08-26
ORD-00019,2024-01-05,CUST-0115,SKU-090,LOC-HOU-RDC,188,556.86,DELIVERED,EDI,2024-10-30
ORD-00179,2024-06-01,CUST-0143,SKU-185,LOC-MIN-RDC,192,1647.0,DELIVERED,Direct,2024-01-18
ORD-00327,2024-10-17,CUST-0143,SKU-055,LOC-BOS-RDC,88,853.24,SHIPPED,Direct,2024-09-06
ORD-00070,2024-11-04,CUST-0132,SKU161,LOC-HOU-RDC,109,1338.42,PROCESSING,Direct,2024-03-03
ORD-00094,2024-02-24,CUST-0105,sku_192,LOC-MIA-RDC,163,200.12,PROCESSING,B2B,2024-05-15
ORD-00246,2024-06-20,CUST-0027,SKU 039,LOC-STL-RDC,240,1251.48,DELIVERED,Direct,2024-02-07
ORD-00238,2024-05-25,CUST-0007,SKU106,LOC-PHX-RDC,70,909.02,SHIPPED,B2C,2024-07-17
ORD-00090,2024-08-20,CUST-0023,Sku-158,LOC-PHX-RDC,211,1177.35,PENDING,Marketplace,2024-11-23
ORD-00174,2024-11-24,CUST-0091,SKU176,LOC-MIA-RDC,158,344.35,SHIPPED,B2C,2024-04-25
ORD-00280,2024-10-05,CUST-0142,SKU 114,LOC-MIA-RDC,199,1476.38,CANCELLED,B2C,2024-12-15
ORD-00314,2024-09-25,CUST-0024,SKU056,LOC-SEA-RDC,74,1726.97,PENDING,Direct,2024-12-28
ORD-00297,2024-09-09,CUST-0084,Sku-023,LOC-HOU-RDC,233,441.31,PROCESSING,Marketplace,2024-04-30
ORD-00069,2024-03-09,CUST-0099,SKU026,LOC-STL-RDC,224,200.47,PROCESSING,EDI,2024-06-13
ORD-00171,2024-09-15,CUST-0004,SKU036,LOC-HOU-RDC,226,57.04,SHIPPED,B2C,2024-08-02
ORD-00054,2024-08-27,CUST-0075,Sku-193,LOC-SEA-RDC,63,1287.52,PROCESSING,EDI,2024-07-02
ORD-00488,2024-05-19,CUST-0106,sku_032,LOC-MIA-RDC,156,1218.12,SHIPPED,EDI,2024-09-24
ORD-00177,2024-04-08,CUST-0100,SKU151,LOC-HOU-RDC,60,1097.93,SHIPPED,B2B,2024-10-04
ORD-00324,2024-02-27,CUST-0022,sku_187,LOC-MIN-RDC,79,471.57,SHIPPED,Marketplace,2024-01-08
ORD-00183,2024-06-18,CUST-0144,SKU 099,LOC-HOU-RDC,222,787.9,SHIPPED,Marketplace,2024-12-27
ORD-00322,2024-03-24,CUST-0063,SKU-090,LOC-BOS-RDC,37,1193.01,SHIPPED,B2C,2024-05-17
ORD-00130,2024-08-22,CUST-0147,SKU-110,LOC-HOU-RDC,221,998.57,CANCELLED,B2B,2024-05-10
ORD-00364,2024-11-27,CUST-0134,SKU081,LOC-DEN-RDC,22,1975.69,CANCELLED,B2B,2024-05-30
ORD-00199,2024-05-11,CUST-0044,SKU036,LOC-POR-RDC,196,281.52,CANCELLED,B2B,2024-02-20
ORD-00432,2024-04-05,CUST-0098,SKU 064,LOC-MIA-RDC,148,1393.34,SHIPPED,Marketplace,2024-07-26
ORD-00487,2024-01-08,CUST-0044,SKU071,LOC-MIN-RDC,96,814.59,PROCESSING,Marketplace,2024-12-13
ORD-00200,2024-06-21,CUST-0036,SKU166,LOC-DEN-RDC,228,862.12,PENDING,Direct,2024-06-27
ORD-00011,2024-05-31,CUST-0069,sku_022,LOC-BOS-RDC,242,1438.02,CANCELLED,Marketplace,2024-02-11
ORD-00390,2024-10-17,CUST-0078,SKU 064,LOC-MIN-RDC,68,1387.95,DELIVERED,Marketplace,2024-10-13
ORD-00303,2024-12-11,CUST-0069,sku_142,LOC-MIN-RDC,219,1982.6,DELIVERED,B2B,2024-04-04
ORD-00459,2024-04-08,CUST-0127,SKU 154,LOC-MIA-RDC,192,265.5,SHIPPED,EDI,2024-09-03
ORD-00279,2024-03-30,CUST-0038,SKU 154,LOC-DEN-RDC,17,217.18,PENDING,B2C,2024-06-12
ORD-00454,2024-11-08,CUST-0017,SKU-185,LOC-MIN-RDC,12,1451.43,CANCELLED,EDI,2024-07-03
ORD-00035,2024-11-23,CUST-0043,SKU156,LOC-POR-RDC,150,1160.99,SHIPPED,B2C,2024-04-24
ORD-00185,2024-07-26,CUST-0112,Sku-073,LOC-SEA-RDC,145,555.58,PROCESSING,Direct,2024-10-23
ORD-00269,2024-08-06,CUST-0071,SKU-200,LOC-PHX-RDC,138,168.04,PENDING,Marketplace,2024-05-20
ORD-00153,2024-09-20,CUST-0108,sku_177,LOC-BOS-RDC,118,180.46,PROCESSING,B2C,2024-04-06
ORD-00096,2024-06-16,CUST-0077,sku_007,LOC-BOS-RDC,193,1789.44,PROCESSING,B2C,2024-12-18
ORD-00214,2024-02-14,CUST-0124,SKU 169,LOC-DEN-RDC,22,391.82,DELIVERED,B2C,2024-04-10
ORD-00409,2024-07-24,CUST-0020,Sku-078,LOC-MIN-RDC,218,653.51,CANCELLED,B2C,2024-09-15
ORD-00448,2024-12-08,CUST-0093,Sku-053,LOC-PHX-RDC,120,461.05,SHIPPED,Marketplace,2024-04-15
ORD-00181,2024-02-18,CUST-0065,Sku-133,LOC-DEN-RDC,210,716.44,PROCESSING,EDI,2024-05-03
ORD-00001,2024-04-04,CUST-0064,SKU156,LOC-SEA-RDC,50,148.15,PROCESSING,B2C,2025-01-14
ORD-00220,2024-03-12,CUST-0127,SKU131,LOC-SEA-RDC,14,1042.93,SHIPPED,B2B,2024-05-06
ORD-00150,2024-09-01,CUST-0051,SKU 049,LOC-STL-RDC,192,144.55,PENDING,B2C,2024-05-18
ORD-00074,2024-06-14,CUST-0118,sku_192,LOC-POR-RDC,175,1602.71,SHIPPED,Marketplace,2024-04-18
ORD-00124,2024-05-07,CUST-0028,SKU101,LOC-STL-RDC,29,475.09,SHIPPED,B2B,2024-04-30
ORD-00295,2024-01-04,CUST-0035,SKU076,LOC-MIA-RDC,204,1084.62,CANCELLED,Marketplace,2024-04-16
ORD-00264,2024-05-13,CUST-0078,SKU166,LOC-STL-RDC,164,1761.36,DELIVERED,Direct,2024-05-10
ORD-00009,2024-07-15,CUST-0002,SKU 014,LOC-POR-RDC,227,1305.25,PROCESSING,Marketplace,2024-11-15
ORD-00275,2024-04-30,CUST-0102,sku_062,LOC-STL-RDC,180,1070.59,DELIVERED,B2B,2024-07-04
ORD-00445,2024-08-16,CUST-0086,sku_127,LOC-MIN-RDC,125,655.42,PENDING,EDI,2024-03-23
ORD-00256,2024-05-16,CUST-0098,SKU 099,LOC-DET-RDC,204,672.67,PROCESSING,B2B,2024-02-27
ORD-00338,2024-06-17,CUST-0085,SKU 029,LOC-STL-RDC,7,1342.28,DELIVERED,EDI,2024-03-05
ORD-00033,2024-06-03,CUST-0113,sku_062,LOC-DEN-RDC,29,1988.34,PENDING,B2B,2024-02-13
ORD-00235,2024-10-25,CUST-0086,Sku-128,LOC-POR-RDC,139,1327.06,CANCELLED,B2C,2024-12-15
ORD-00319,2024-10-20,CUST-0111,SKU 164,LOC-HOU-RDC,33,1119.99,PENDING,Marketplace,2024-12-08
ORD-00328,2024-01-06,CUST-0035,Sku-153,LOC-BOS-RDC,134,1463.99,DELIVERED,Direct,2024-09-12
ORD-00400,2024-05-13,CUST-0077,SKU 019,LOC-MIA-RDC,111,935.76,SHIPPED,EDI,2024-11-13
ORD-00090,2024-11-30,CUST-0083,SKU136,LOC-POR-RDC,79,129.68,PROCESSING,EDI,2024-01-07
ORD-00025,2024-07-03,CUST-0052,SKU 004,LOC-DEN-RDC,160,1128.97,CANCELLED,B2C,2024-10-07
ORD-00063,2024-12-20,CUST-0123,Sku-093,LOC-SEA-RDC,179,1915.67,DELIVERED,B2C,2024-01-25
ORD-00155,2024-04-30,CUST-0081,sku_082,LOC-PHX-RDC,203,358.85,CANCELLED,B2B,2024-09-06
ORD-00427,2024-02-01,CUST-0046,SKU 034,LOC-SEA-RDC,58,1383.11,PENDING,EDI,2024-07-12
ORD-00148,2024-12-07,CUST-0102,SKU-100,LOC-MIN-RDC,215,409.86,DELIVERED,Marketplace,2024-11-16
ORD-00057,2024-03-01,CUST-0082,SKU146,LOC-PHX-RDC,26,1076.3,SHIPPED,B2B,2024-06-13
ORD-00479,2024-08-26,CUST-0075,Sku-108,LOC-DEN-RDC,226,202.39,SHIPPED,B2C,2024-09-12
ORD-00401,2024-06-06,CUST-0126,SKU 094,LOC-DEN-RDC,174,906.24,SHIPPED,EDI,2024-10-24
ORD-00312,2024-03-22,CUST-0148,SKU-140,LOC-MIN-RDC,226,1514.77,SHIPPED,Direct,2024-05-23
ORD-00281,2024-07-26,CUST-0063,SKU-175,LOC-MIA-RDC,29,701.67,PROCESSING,Direct,2024-09-11
ORD-00077,2024-12-17,CUST-0084,SKU-045,LOC-STL-RDC,4,1333.17,CANCELLED,EDI,2024-04-06
ORD-00111,2024-09-14,CUST-0097,SKU196,LOC-MIA-RDC,209,1592.95,DELIVERED,Marketplace,2024-09-21
ORD-00132,2024-12-26,CUST-0072,SKU121,LOC-DEN-RDC,99,1855.08,SHIPPED,EDI,2024-05-26
ORD-00476,2024-06-08,CUST-0101,Sku-198,LOC-DET-RDC,141,476.94,PROCESSING,Marketplace,2024-07-25
ORD-00041,2024-12-19,CUST-0094,SKU 019,LOC-DEN-RDC,233,804.64,SHIPPED,B2C,2024-04-26
ORD-00003,2024-03-01,CUST-0030,SKU-005,LOC-MIN-RDC,39,313.31,SHIPPED,Marketplace,2024-10-25
ORD-00316,2024-11-23,CUST-0145,SKU151,LOC-HOU-RDC,15,1985.04,PENDING,Marketplace,2024-03-09
ORD-00420,2024-05-31,CUST-0052,Sku-018,LOC-HOU-RDC,119,1854.73,DELIVERED,EDI,2024-01-31
ORD-00413,2024-07-07,CUST-0140,SKU 004,LOC-POR-RDC,29,1084.51,CANCELLED,EDI,2024-09-29
ORD-00072,2024-11-10,CUST-0047,Sku-068,LOC-SEA-RDC,157,1685.65,PENDING,Direct,2024-08-07
ORD-00242,2024-04-23,CUST-0141,SKU056,LOC-STL-RDC,75,1046.71,PENDING,B2C,2024-09-04
ORD-00147,2024-04-22,CUST-0007,SKU011,LOC-MIA-RDC,116,1250.94,CANCELLED,B2B,2024-10-06
ORD-00452,2024-03-09,CUST-0119,SKU016,LOC-HOU-RDC,32,187.36,SHIPPED,EDI,2024-01-20
ORD-00396,2024-09-01,CUST-0054,sku_102,LOC-STL-RDC,130,1512.99,SHIPPED,B2C,2024-09-17
ORD-00075,2024-03-19,CUST-0113,SKU-130,LOC-MIA-RDC,175,264.15,DELIVERED,B2C,2024-06-29
ORD-00172,2024-08-20,CUST-0075,SKU 074,LOC-SEA-RDC,206,1653.87,SHIPPED,Direct,2024-07-23
ORD-00333,2024-11-06,CUST-0018,SKU161,LOC-DEN-RDC,84,1566.24,PENDING,EDI,2024-12-20
ORD-00051,2024-07-10,CUST-0105,Sku-183,LOC-MIN-RDC,22,1420.4,PENDING,EDI,2024-04-02
ORD-00164,2024-07-31,CUST-0128,SKU 129,LOC-BOS-RDC,203,81.96,PENDING,B2C,2024-08-25
ORD-00015,2024-12-25,CUST-0036,sku_197,LOC-BOS-RDC,27,613.23,CANCELLED,EDI,2024-03-05
ORD-00115,2024-10-08,CUST-0078,sku_107,LOC-STL-RDC,195,533.59,SHIPPED,Direct,2024-12-26
ORD-00368,2024-08-29,CUST-0062,SKU 109,LOC-DET-RDC,81,726.67,SHIPPED,Direct,2024-09-25
ORD-00042,2024-10-02,CUST-0065,SKU-180,LOC-DET-RDC,126,184.41,SHIPPED,Direct,2024-08-26
ORD-00198,2024-12-06,CUST-0040,Sku-103,LOC-PHX-RDC,236,1874.55,SHIPPED,EDI,2024-06-13
ORD-00121,2024-04-21,CUST-0109,sku_022,LOC-PHX-RDC,184,1112.07,DELIVERED,EDI,2024-12-21
ORD-00192,2024-05-06,CUST-0097,SKU 164,LOC-PHX-RDC,92,617.99,DELIVERED,Direct,2024-01-08
ORD-00414,2024-12-14,CUST-0019,Sku-138,LOC-BOS-RDC,221,799.99,PENDING,Marketplace,2024-01-10
ORD-00203,2024-11-01,CUST-0115,Sku-138,LOC-DEN-RDC,21,899.93,PENDING,B2B,2024-12-14
ORD-00028,2024-02-11,CUST-0123,Sku-158,LOC-SEA-RDC,47,1205.18,CANCELLED,B2C,2024-04-20
ORD-00213,2024-09-26,CUST-0150,SKU-040,LOC-STL-RDC,208,1036.2,PROCESSING,Marketplace,2024-07-16
ORD-00014,2024-08-16,CUST-0103,sku_072,LOC-HOU-RDC,101,1839.59,PENDING,B2B,2024-10-27
ORD-00179,2024-09-27,CUST-0137,sku_022,LOC-DET-RDC,187,998.96,SHIPPED,EDI,2024-02-24
ORD-00381,2024-12-26,CUST-0130,SKU-080,LOC-POR-RDC,84,1984.39,PENDING,B2C,2024-06-18
ORD-00114,2024-07-04,CUST-0108,SKU021,LOC-MIA-RDC,6,1704.34,PENDING,Marketplace,2024-07-07
ORD-00047,2024-02-09,CUST-0140,SKU131,LOC-SEA-RDC,147,424.94,DELIVERED,B2C,2024-11-12
ORD-00224,2024-10-15,CUST-0010,Sku-053,LOC-MIN-RDC,185,1861.88,SHIPPED,EDI,2024-05-15
ORD-00076,2024-02-27,CUST-0093,SKU-040,LOC-SEA-RDC,197,241.57,CANCELLED,B2B,2024-04-08
ORD-00263,2024-02-01,CUST-0138,Sku-138,LOC-STL-RDC,131,1636.72,CANCELLED,B2B,2024-10-10
ORD-00231,2024-10-07,CUST-0022,SKU 084,LOC-DEN-RDC,1,767.44,CANCELLED,B2B,2024-05-17
ORD-00140,2024-09-15,CUST-0028,SKU101,LOC-PHX-RDC,58,1757.17,PENDING,Marketplace,2024-05-04
ORD-00461,2024-04-13,CUST-0064,SKU151,LOC-HOU-RDC,124,1737.43,CANCELLED,B2B,2024-05-20
ORD-00043,2024-10-20,CUST-0091,Sku-163,LOC-POR-RDC,166,1613.79,CANCELLED,Marketplace,2024-09-01
ORD-00424,2024-10-01,CUST-0043,SKU196,LOC-BOS-RDC,15,1582.16,CANCELLED,Marketplace,2024-11-12
ORD-00064,2024-03-17,CUST-0012,sku_167,LOC-DEN-RDC,162,616.31,DELIVERED,Direct,2024-06-27
ORD-00265,2024-03-25,CUST-0145,SKU-175,LOC-SEA-RDC,189,171.03,SHIPPED,Marketplace,2024-07-09
ORD-00365,2024-06-16,CUST-0103,SKU-165,LOC-BOS-RDC,163,811.93,DELIVERED,B2C,2024-04-07
ORD-00053,2024-09-23,CUST-0085,sku_017,LOC-MIA-RDC,64,355.31,SHIPPED,B2B,2024-09-15
ORD-00284,2024-08-14,CUST-0111,SKU-080,LOC-PHX-RDC,241,1392.95,DELIVERED,Marketplace,2024-08-08
ORD-00191,2024-02-29,CUST-0028,SKU 179,LOC-DEN-RDC,25,698.74,SHIPPED,EDI,2024-04-20
ORD-00247,2024-12-14,CUST-0003,sku_112,LOC-POR-RDC,24,1951.46,CANCELLED,Marketplace,2024-08-05
ORD-00329,2024-04-15,CUST-0026,sku_187,LOC-DEN-RDC,12,1285.53,PROCESSING,Marketplace,2024-12-27
ORD-00027,2024-10-25,CUST-0067,sku_062,LOC-PHX-RDC,18,1646.74,CANCELLED,Direct,2024-07-12
ORD-00129,2024-09-07,CUST-0057,SKU-015,LOC-STL-RDC,15,273.72,PROCESSING,B2C,2024-07-08
ORD-00466,2024-02-16,CUST-0131,Sku-063,LOC-POR-RDC,236,1725.41,CANCELLED,EDI,2024-07-27
ORD-00310,2024-09-18,CUST-0133,Sku-023,LOC-POR-RDC,208,1846.29,DELIVERED,Direct,2024-05-26
ORD-00103,2024-08-16,CUST-0143,sku_112,LOC-PHX-RDC,27,979.25,PROCESSING,B2C,2024-08-21
ORD-00083,2024-01-29,CUST-0149,SKU-030,LOC-DEN-RDC,72,1216.44,CANCELLED,Marketplace,2024-04-05
ORD-00215,2024-08-20,CUST-0148,sku_117,LOC-DET-RDC,60,1531.97,PENDING,EDI,2024-10-22
ORD-00271,2024-03-08,CUST-0057,sku_157,LOC-STL-RDC,174,357.93,PROCESSING,B2C,2024-03-11
ORD-00258,2024-09-19,CUST-0115,SKU156,LOC-MIA-RDC,217,1010.11,SHIPPED,Direct,2024-10-24
ORD-00196,2024-07-31,CUST-0096,SKU-015,LOC-MIN-RDC,145,803.34,DELIVERED,Marketplace,2024-12-20
ORD-00399,2024-08-21,CUST-0101,SKU-080,LOC-STL-RDC,93,301.28,CANCELLED,Marketplace,2024-04-30
ORD-00145,2024-10-15,CUST-0119,SKU171,LOC-MIN-RDC,53,741.39,CANCELLED,B2B,2024-02-24
ORD-00394,2024-01-30,CUST-0129,SKU-190,LOC-MIA-RDC,8,145.66,SHIPPED,Direct,2025-01-07
ORD-00237,2024-10-13,CUST-0039,SKU 169,LOC-POR-RDC,79,61.37,CANCELLED,EDI,2024-05-21
ORD-00226,2024-08-24,CUST-0089,SKU-190,LOC-SEA-RDC,27,278.98,CANCELLED,Marketplace,2024-05-03
ORD-00293,2024-12-10,CUST-0007,SKU-045,LOC-PHX-RDC,174,1926.6,SHIPPED,B2B,2024-10-14
ORD-00348,2024-06-06,CUST-0124,SKU031,LOC-POR-RDC,50,1103.56,SHIPPED,B2C,2024-08-12
ORD-00189,2024-01-12,CUST-0027,SKU 004,LOC-POR-RDC,244,1931.99,PENDING,Marketplace,2024-07-17
ORD-00100,2024-07-21,CUST-0076,sku_182,LOC-PHX-RDC,199,870.67,PENDING,B2C,2024-04-13
ORD-00241,2024-05-10,CUST-0107,SKU036,LOC-BOS-RDC,131,630.51,SHIPPED,Marketplace,2024-03-18
ORD-00421,2024-01-02,CUST-0022,SKU-180,LOC-PHX-RDC,93,1017.22,PROCESSING,B2C,2024-03-20
ORD-00436,2024-04-21,CUST-0030,Sku-003,LOC-HOU-RDC,192,884.63,PROCESSING,Direct,2024-09-02
ORD-00474,2024-10-23,CUST-0037,sku_042,LOC-SEA-RDC,172,220.27,PROCESSING,B2C,2024-01-08
ORD-00123,2024-02-07,CUST-0090,Sku-128,LOC-MIA-RDC,181,1285.24,DELIVERED,B2C,2024-04-03
ORD-00274,2024-01-24,CUST-0080,SKU 089,LOC-DEN-RDC,24,439.92,PENDING,Marketplace,2024-08-06
ORD-00120,2024-08-04,CUST-0088,SKU 134,LOC-DEN-RDC,60,1242.98,PROCESSING,Marketplace,2024-09-15
ORD-00230,2024-06-25,CUST-0117,Sku-133,LOC-MIN-RDC,122,1303.9,PROCESSING,B2C,2024-03-12
ORD-00402,2024-12-24,CUST-0053,SKU-185,LOC-DET-RDC,131,312.53,PROCESSING,Direct,2024-11-21
ORD-00384,2024-02-02,CUST-0134,sku_067,LOC-STL-RDC,148,132.09,SHIPPED,EDI,2024-09-24
ORD-00386,2024-10-04,CUST-0124,Sku-043,LOC-HOU-RDC,46,1563.72,CANCELLED,B2B,2024-10-03
ORD-00146,2024-01-31,CUST-0090,SKU096,LOC-BOS-RDC,15,925.0,DELIVERED,B2C,2025-01-06
ORD-00313,2024-02-05,CUST-0122,Sku-033,LOC-DET-RDC,153,125.75,CANCELLED,Direct,2024-06-13
ORD-00228,2024-08-29,CUST-0025,sku_192,LOC-SEA-RDC,222,1989.78,PENDING,B2C,2024-09-09
ORD-00122,2024-01-17,CUST-0113,SKU-200,LOC-STL-RDC,206,124.98,CANCELLED,B2B,2024-06-05
ORD-00369,2024-05-26,CUST-0116,SKU 069,LOC-DET-RDC,199,1393.12,DELIVERED,EDI,2024-05-11
ORD-00347,2024-07-28,CUST-0082,Sku-188,LOC-STL-RDC,17,1967.52,PROCESSING,EDI,2024-10-17
ORD-00187,2024-04-02,CUST-0018,SKU031,LOC-DET-RDC,126,485.97,PROCESSING,B2C,2024-10-20
ORD-00211,2024-03-10,CUST-0077,Sku-198,LOC-POR-RDC,236,293.08,SHIPPED,B2B,2024-01-28
ORD-00023,2024-11-24,CUST-0012,Sku-008,LOC-HOU-RDC,84,251.56,SHIPPED,B2C,2024-07-25
ORD-00225,2024-11-26,CUST-0030,SKU086,LOC-BOS-RDC,228,613.52,DELIVERED,Marketplace,2024-02-23
ORD-00370,2024-08-03,CUST-0006,SKU-110,LOC-POR-RDC,9,211.08,PROCESSING,EDI,2024-12-22
ORD-00085,2024-07-10,CUST-0088,SKU-070,LOC-PHX-RDC,166,1387.4,CANCELLED,Direct,2024-03-27
ORD-00415,2024-07-14,CUST-0028,SKU-135,LOC-DEN-RDC,176,133.96,CANCELLED,Direct,2024-02-03
ORD-00320,2024-08-17,CUST-0043,sku_017,LOC-STL-RDC,249,1023.75,DELIVERED,Direct,2024-04-23
ORD-00458,2024-07-12,CUST-0063,Sku-068,LOC-SEA-RDC,188,1993.43,SHIPPED,B2B,2024-05-13
ORD-00355,2024-07-11,CUST-0133,Sku-183,LOC-DET-RDC,63,1629.8,CANCELLED,B2B,2024-09-03
ORD-00426,2024-02-11,CUST-0045,Sku-148,LOC-HOU-RDC,214,1234.29,PENDING,EDI,2024-11-21
ORD-00473,2024-12-15,CUST-0142,SKU161,LOC-DET-RDC,246,619.44,DELIVERED,B2B,2024-02-22
ORD-00084,2024-12-04,CUST-0041,SKU-020,LOC-HOU-RDC,245,1251.55,PENDING,Marketplace,2024-08-21
ORD-00079,2024-10-03,CUST-0085,Sku-128,LOC-HOU-RDC,117,1058.81,PENDING,EDI,2024-06-23
ORD-00170,2024-03-09,CUST-0144,sku_117,LOC-MIA-RDC,130,857.91,SHIPPED,EDI,2024-05-16
ORD-00306,2024-11-30,CUST-0110,SKU131,LOC-DEN-RDC,88,270.11,PROCESSING,Marketplace,2024-07-06
ORD-00068,2024-06-27,CUST-0119,Sku-093,LOC-POR-RDC,72,1774.34,DELIVERED,Marketplace,2024-07-06
ORD-00317,2024-03-01,CUST-0060,SKU-015,LOC-MIA-RDC,139,905.07,PROCESSING,Marketplace,2024-10-16
ORD-00470,2024-04-01,CUST-0104,Sku-128,LOC-MIA-RDC,64,397.3,CANCELLED,B2C,2024-10-15
ORD-00449,2024-10-02,CUST-0048,SKU146,LOC-BOS-RDC,205,741.84,CANCELLED,Direct,2024-05-14
ORD-00173,2024-07-20,CUST-0048,Sku-043,LOC-BOS-RDC,209,834.12,DELIVERED,Direct,2024-06-28
ORD-00339,2024-09-27,CUST-0111,SKU-095,LOC-MIA-RDC,72,1656.8,SHIPPED,EDI,2024-01-14
ORD-00020,2024-03-06,CUST-0102,SKU041,LOC-SEA-RDC,21,1469.89,CANCELLED,Marketplace,2024-08-01
ORD-00483,2024-04-24,CUST-0008,SKU066,LOC-STL-RDC,18,1540.92,CANCELLED,B2B,2024-03-06
ORD-00453,2024-01-02,CUST-0051,Sku-198,LOC-DEN-RDC,222,31.95,PROCESSING,Marketplace,2024-07-01
ORD-00486,2024-01-12,CUST-0116,sku_027,LOC-STL-RDC,64,838.15,CANCELLED,EDI,2024-12-16
ORD-00428,2024-06-01,CUST-0110,sku_147,LOC-BOS-RDC,82,967.87,SHIPPED,Direct,2024-11-09
ORD-00277,2024-08-25,CUST-0100,Sku-173,LOC-MIA-RDC,110,48.19,CANCELLED,B2C,2024-04-14
ORD-00395,2024-12-10,CUST-0002,SKU186,LOC-HOU-RDC,239,527.03,CANCELLED,Marketplace,2024-10-25
ORD-00260,2024-10-05,CUST-0055,SKU-030,LOC-PHX-RDC,95,1522.98,PENDING,Direct,2024-10-24
ORD-00052,2024-08-05,CUST-0053,SKU 059,LOC-MIN-RDC,166,282.85,SHIPPED,EDI,2024-12-01
ORD-00404,2024-09-29,CUST-0072,SKU-190,LOC-DEN-RDC,32,1075.27,CANCELLED,EDI,2024-12-01
ORD-00433,2024-07-13,CUST-0017,SKU131,LOC-DEN-RDC,11,438.25,SHIPPED,Direct,2024-10-05
ORD-00152,2024-04-27,CUST-0148,SKU001,LOC-STL-RDC,45,34.12,SHIPPED,Direct,2024-04-02
ORD-00040,2024-05-06,CUST-0027,sku_012,LOC-DET-RDC,217,489.99,CANCELLED,Marketplace,2024-05-28
ORD-00080,2024-08-23,CUST-0138,SKU 004,LOC-STL-RDC,33,1951.99,CANCELLED,B2B,2024-07-03
ORD-00071,2024-06-26,CUST-0048,Sku-063,LOC-DET-RDC,102,1605.06,SHIPPED,Marketplace,2024-06-18
ORD-00116,2024-03-20,CUST-0094,sku_012,LOC-MIN-RDC,169,1919.56,PROCESSING,B2C,2024-12-13
ORD-00099,2024-05-21,CUST-0084,SKU121,LOC-PHX-RDC,136,980.83,PROCESSING,Direct,2024-09-21
ORD-00249,2024-04-06,CUST-0051,SKU 094,LOC-DET-RDC,11,228.38,SHIPPED,B2C,2024-09-09
ORD-00393,2024-02-27,CUST-0118,SKU 099,LOC-POR-RDC,214,1100.44,SHIPPED,B2C,2024-08-19
ORD-00175,2024-01-17,CUST-0030,SKU 039,LOC-SEA-RDC,179,914.21,PROCESSING,B2B,2024-02-13
ORD-00110,2024-12-04,CUST-0068,SKU046,LOC-HOU-RDC,88,1690.27,PROCESSING,Marketplace,2024-07-17
ORD-00093,2024-08-02,CUST-0126,SKU-010,LOC-HOU-RDC,41,205.18,PENDING,EDI,2024-11-13
ORD-00034,2024-11-10,CUST-0136,sku_142,LOC-DET-RDC,145,981.6,PROCESSING,B2C,2024-05-29
ORD-00477,2024-01-09,CUST-0081,Sku-183,LOC-STL-RDC,76,308.6,PROCESSING,B2C,2024-08-28
ORD-00010,2024-05-03,CUST-0100,SKU-190,LOC-DEN-RDC,121,656.11,DELIVERED,B2C,2024-11-22
ORD-00186,2024-04-15,CUST-0101,Sku-168,LOC-STL-RDC,46,1477.34,CANCELLED,B2C,2024-03-18
ORD-00261,2024-02-04,CUST-0030,Sku-108,LOC-MIA-RDC,160,957.28,PENDING,EDI,2024-03-29
ORD-00217,2024-02-21,CUST-0090,Sku-058,LOC-MIA-RDC,207,758.02,PENDING,Marketplace,2024-11-26
ORD-00490,2024-10-31,CUST-0091,Sku-083,LOC-HOU-RDC,80,795.01,SHIPPED,B2B,2024-06-24
ORD-00331,2024-01-18,CUST-0118,SKU 064,LOC-HOU-RDC,54,924.3,DELIVERED,B2C,2024-08-06
ORD-00048,2024-08-16,CUST-0045,sku_107,LOC-HOU-RDC,86,1572.18,CANCELLED,Direct,2024-11-22
ORD-00270,2024-11-02,CUST-0077,SKU-185,LOC-DEN-RDC,92,1785.25,PENDING,EDI,2024-11-12
ORD-00468,2024-12-10,CUST-0022,sku_082,LOC-DEN-RDC,148,1911.12,PROCESSING,B2B,2024-10-22
ORD-00351,2024-12-26,CUST-0035,SKU-070,LOC-HOU-RDC,161,1575.94,PROCESSING,Direct,2024-07-29
ORD-00379,2024-01-25,CUST-0081,SKU-020,LOC-DEN-RDC,202,637.66,PROCESSING,Direct,2024-02-09
ORD-00485,2024-05-05,CUST-0031,sku_147,LOC-PHX-RDC,168,1379.39,CANCELLED,Direct,2024-02-13
ORD-00425,2024-01-23,CUST-0062,SKU096,LOC-DET-RDC,160,880.83,PENDING,B2C,2024-03-26
ORD-00360,2024-07-24,CUST-0079,SKU031,LOC-MIN-RDC,242,516.79,CANCELLED,Marketplace,2024-06-27
ORD-00344,2024-08-12,CUST-0030,SKU 129,LOC-STL-RDC,97,1683.33,SHIPPED,B2C,2024-04-29
ORD-00066,2024-04-29,CUST-0047,Sku-173,LOC-PHX-RDC,2,86.47,SHIPPED,Direct,2024-06-12
ORD-00417,2024-10-03,CUST-0096,SKU 014,LOC-STL-RDC,225,1804.51,DELIVERED,B2B,2024-06-14
ORD-00169,2024-04-21,CUST-0037,SKU046,LOC-POR-RDC,33,928.34,SHIPPED,B2C,2024-12-03
ORD-00406,2024-01-29,CUST-0131,Sku-058,LOC-HOU-RDC,233,1278.03,PENDING,B2B,2024-06-01
ORD-00330,2024-03-12,CUST-0100,Sku-133,LOC-HOU-RDC,205,1322.11,PENDING,B2C,2025-01-01
ORD-00193,2024-09-14,CUST-0108,sku_012,LOC-POR-RDC,158,1791.28,PENDING,Marketplace,2024-05-19
ORD-00287,2024-05-28,CUST-0036,Sku-103,LOC-SEA-RDC,161,1276.97,PROCESSING,Marketplace,2024-11-08
ORD-00159,2024-04-29,CUST-0148,Sku-018,LOC-MIA-RDC,77,1231.73,PROCESSING,B2C,2024-11-29
ORD-00044,2024-10-21,CUST-0099,SKU-120,LOC-PHX-RDC,116,142.64,PENDING,B2C,2024-07-24
ORD-00481,2024-06-12,CUST-0109,Sku-073,LOC-STL-RDC,154,1041.63,SHIPPED,Marketplace,2024-05-21
