shipment_id,order_id,origin_loc_id,dest_loc_id,sku_id,quantity_shipped,ship_date,arrival_date,freight_cost_usd,carrier,shipment_status,weight_lbs,pallet_count
SHIP-00001,ORD-00227,LOC-PHX-RDC,LOC-POR-RDC,SKU 094,115,2024-09-05,2024-09-16,672.62,J.B. Hunt,DELIVERED,1922.5,23
SHIP-00002,ORD-00075,LOC-DET-RDC,LOC-PHX-RDC,SKU 094,134,2024-07-29,2024-06-03,2833.76,C.H. Robinson,IN_TRANSIT,782.0,2
SHIP-00003,ORD-00226,LOC-POR-RDC,LOC-STL-RDC,SKU-045,151,2024-06-23,2024-08-10,2004.98,Werner,DELAYED,774.1,19
SHIP-00004,ORD-00023,LOC-CHI-DC2,LOC-MIN-RDC,SKU166,187,2024-03-24,2024-12-06,2623.24,Werner,IN_TRANSIT,684.1,1
SHIP-00005,ORD-00120,LOC-BOS-RDC,LOC-PHX-RDC,SKU 144,91,2024-02-22,2024-10-04,273.36,C.H. Robinson,LOST,1085.1,7
SHIP-00006,ORD-00103,LOC-PHX-RDC,LOC-MIA-RDC,SKU181,98,2024-04-21,2024-06-10,432.03,USPS,DELAYED,312.5,17
SHIP-00007,ORD-00192,LOC-CHI-DC1,LOC-DEN-RDC,Sku-018,120,2024-03-20,2024-04-13,2756.07,FedEx,LOST,1109.7,3
SHIP-00008,ORD-00080,LOC-SEA-RDC,LOC-PHX-RDC,SKU 144,46,2024-09-14,2024-08-01,385.27,UPS,IN_TRANSIT,1085.7,20
SHIP-00009,ORD-00044,LOC-PHX-RDC,LOC-SEA-RDC,sku_182,38,2024-04-23,2024-07-25,382.22,UPS,RETURNED,1525.0,20
SHIP-00010,ORD-00058,LOC-MIN-RDC,LOC-STL-RDC,SKU 199,142,2024-04-06,2024-05-09,164.56,FedEx,IN_TRANSIT,1668.1,21
SHIP-00011,ORD-00028,LOC-ATL-DC1,LOC-STL-RDC,Sku-053,100,2024-10-13,2024-11-16,3639.93,UPS,RETURNED,883.7,3
SHIP-00012,ORD-00125,LOC-DAL-DC1,LOC-MIN-RDC,SKU036,72,2024-11-10,2024-09-21,2834.03,UPS,DELAYED,608.2,3
SHIP-00013,ORD-00076,LOC-MIA-RDC,LOC-SEA-RDC,SKU086,190,2024-12-19,2024-08-21,1419.97,FedEx,RETURNED,522.4,17
SHIP-00014,ORD-00148,LOC-CHI-DC1,LOC-PHX-RDC,sku_062,35,2024-09-26,2024-12-10,1211.25,USPS,LOST,393.3,7
SHIP-00015,ORD-00008,LOC-PHX-RDC,LOC-PHX-RDC,SKU 139,147,2024-09-29,2024-10-08,1406.91,XPO,IN_TRANSIT,120.0,14
SHIP-00016,ORD-00176,LOC-STL-RDC,LOC-MIA-RDC,SKU-030,30,2024-12-30,2024-04-03,297072.0,UPS,DELAYED,688.2,17
SHIP-00017,ORD-00057,LOC-NYC-DC1,LOC-POR-RDC,sku_167,78,2024-10-09,2024-01-11,2553.84,Werner,LOST,544.1,18
SHIP-00018,ORD-00157,LOC-STL-RDC,LOC-DEN-RDC,Sku-123,84,2024-12-25,2024-11-18,801.52,USPS,LOST,1933.0,13
SHIP-00019,ORD-00231,LOC-NYC-DC1,LOC-POR-RDC,SKU 189,113,2024-02-28,2024-12-27,,USPS,DELAYED,1117.6,20
SHIP-00020,ORD-00242,LOC-LAX-DC1,LOC-BOS-RDC,Sku-193,25,2024-08-01,2024-09-22,482.1,FedEx,LOST,697.8,20
SHIP-00021,ORD-00012,LOC-BOS-RDC,LOC-HOU-RDC,SKU 149,168,2024-08-23,2024-04-06,2549.91,USPS,IN_TRANSIT,1163.0,21
SHIP-00022,ORD-00170,LOC-PHX-RDC,LOC-STL-RDC,SKU-180,88,2024-02-09,2024-10-23,2932.89,FedEx,RETURNED,282.7,18
SHIP-00023,ORD-00108,LOC-CHI-DC2,LOC-MIA-RDC,SKU 054,14,2024-02-29,2024-09-13,109537.0,USPS,IN_TRANSIT,890.9,4
SHIP-00024,ORD-00276,LOC-MIA-RDC,LOC-POR-RDC,Sku-193,154,2024-03-08,2024-04-20,197.08,XPO,DELAYED,1254.3,1
SHIP-00025,ORD-00109,LOC-POR-RDC,LOC-DEN-RDC,SKU191,102,2024-01-09,2024-12-05,42239.0,Werner,DELIVERED,980.4,18
SHIP-00026,ORD-00105,LOC-ATL-DC1,LOC-MIA-RDC,SKU-195,150,2024-09-02,2024-08-28,3681.72,J.B. Hunt,LOST,806.5,1
SHIP-00027,ORD-00280,LOC-HOU-RDC,LOC-DET-RDC,Sku-058,176,2024-06-27,2024-05-18,1207.24,USPS,IN_TRANSIT,1987.7,13
SHIP-00028,ORD-00268,LOC-DEN-RDC,LOC-STL-RDC,Sku-083,83,2024-06-08,2024-11-23,2950.74,USPS,IN_TRANSIT,1761.2,20
SHIP-00029,ORD-00133,LOC-MIN-RDC,LOC-BOS-RDC,SKU091,110,2024-12-19,2024-09-30,2418.76,USPS,IN_TRANSIT,1248.7,20
SHIP-00030,ORD-00281,LOC-DET-RDC,LOC-HOU-RDC,SKU 069,179,2024-07-04,2024-11-11,1525.54,FedEx,IN_TRANSIT,1140.9,23
SHIP-00031,ORD-00248,LOC-BOS-RDC,LOC-DEN-RDC,SKU 129,131,2024-03-12,2024-08-11,876.93,C.H. Robinson,RETURNED,1243.2,10
SHIP-00032,ORD-00073,LOC-SEA-RDC,LOC-POR-RDC,SKU-175,170,2024-08-14,2024-10-17,566.7,Werner,LOST,406.6,11
SHIP-00033,ORD-00010,LOC-BOS-RDC,LOC-PHX-RDC,SKU 109,19,2024-11-01,2025-01-08,2383.25,C.H. Robinson,DELIVERED,793.3,9
SHIP-00034,ORD-00193,LOC-NYC-DC1,LOC-DEN-RDC,SKU071,28,2024-09-24,2024-11-17,,UPS,LOST,83.7,9
SHIP-00035,ORD-00299,LOC-LAX-DC1,LOC-SEA-RDC,SKU 014,173,2024-06-24,2024-02-01,2489.57,FedEx,LOST,953.7,5
SHIP-00036,ORD-00270,LOC-MIN-RDC,LOC-DEN-RDC,sku_017,71,2024-03-29,2024-09-25,2071.51,XPO,DELAYED,1088.3,1
SHIP-00037,ORD-00023,LOC-CHI-DC2,LOC-DEN-RDC,SKU096,63,2024-12-29,2024-04-13,274.38,FedEx,IN_TRANSIT,459.4,17
SHIP-00038,ORD-00131,LOC-SEA-RDC,LOC-HOU-RDC,SKU 089,73,2024-06-04,2024-07-06,3684.04,UPS,IN_TRANSIT,1928.2,22
SHIP-00039,ORD-00088,LOC-ATL-DC1,LOC-PHX-RDC,SKU116,124,2024-01-15,2024-08-25,3059.27,C.H. Robinson,RETURNED,1819.4,2
SHIP-00040,ORD-00031,LOC-DET-RDC,LOC-POR-RDC,SKU-125,119,2024-03-01,2024-03-17,1197.59,XPO,DELIVERED,1445.7,13
SHIP-00041,ORD-00146,LOC-CHI-DC1,LOC-SEA-RDC,SKU 129,121,2024-04-23,2024-05-04,3726.29,UPS,DELIVERED,1069.1,9
SHIP-00042,ORD-00103,LOC-HOU-RDC,LOC-POR-RDC,SKU-135,19,2024-03-06,2024-03-19,2334.92,C.H. Robinson,DELAYED,1740.6,4
SHIP-00043,ORD-00139,LOC-DAL-DC1,LOC-MIA-RDC,sku_032,175,2024-12-21,2024-12-17,2263.32,UPS,DELAYED,265.7,5
SHIP-00044,ORD-00028,LOC-SEA-RDC,LOC-SEA-RDC,SKU121,142,2024-03-13,2024-06-03,2872.91,Werner,DELAYED,1582.1,11
SHIP-00045,ORD-00239,LOC-PHX-RDC,LOC-SEA-RDC,sku_182,120,2024-12-18,2024-08-11,3107.31,J.B. Hunt,IN_TRANSIT,254.0,19
SHIP-00046,ORD-00005,LOC-HOU-RDC,LOC-STL-RDC,sku_137,166,2024-04-26,2024-07-30,2535.84,C.H. Robinson,IN_TRANSIT,1589.5,21
SHIP-00047,ORD-00035,LOC-BOS-RDC,LOC-PHX-RDC,SKU 174,181,2024-06-06,2024-06-13,591.39,XPO,RETURNED,555.2,3
SHIP-00048,ORD-00199,LOC-PHX-RDC,LOC-MIA-RDC,sku_137,61,2024-03-05,2024-02-03,1364.82,J.B. Hunt,DELIVERED,1754.8,12
SHIP-00049,ORD-00139,LOC-DAL-DC1,LOC-MIN-RDC,SKU-075,164,2024-04-17,2024-11-21,3535.35,Werner,DELIVERED,1888.4,19
SHIP-00050,ORD-00185,LOC-LAX-DC1,LOC-STL-RDC,SKU116,168,2024-03-07,2024-04-15,946.59,J.B. Hunt,DELAYED,301.8,19
SHIP-00051,ORD-00056,LOC-DAL-DC1,LOC-HOU-RDC,SKU 159,30,2024-02-10,2024-07-31,1489.57,UPS,LOST,928.0,13
SHIP-00052,ORD-00010,LOC-SEA-RDC,LOC-SEA-RDC,SKU-095,9,2024-08-05,2024-05-17,1710.04,J.B. Hunt,DELIVERED,1962.1,7
SHIP-00053,ORD-00150,LOC-CHI-DC2,LOC-DET-RDC,Sku-173,64,2024-12-19,2024-05-27,1737.01,FedEx,RETURNED,969.4,15
SHIP-00054,ORD-00198,LOC-DET-RDC,LOC-POR-RDC,Sku-178,161,2024-02-27,2024-11-27,2375.62,J.B. Hunt,IN_TRANSIT,1727.8,23
SHIP-00055,ORD-00119,LOC-STL-RDC,LOC-POR-RDC,sku_017,120,2024-02-09,2024-03-24,359052.0,C.H. Robinson,DELIVERED,1179.5,7
SHIP-00056,ORD-00195,LOC-LAX-DC1,LOC-STL-RDC,SKU 049,52,2024-01-10,2024-05-12,1005.75,J.B. Hunt,RETURNED,753.8,8
SHIP-00057,ORD-00261,LOC-CHI-DC1,LOC-STL-RDC,Sku-118,89,2024-09-04,2024-12-18,567.13,UPS,IN_TRANSIT,575.1,5
SHIP-00058,ORD-00051,LOC-BOS-RDC,LOC-DEN-RDC,Sku-023,142,2024-08-08,2024-11-04,846.69,USPS,LOST,410.4,21
SHIP-00059,ORD-00162,LOC-CHI-DC2,LOC-DET-RDC,SKU021,53,2024-01-22,2024-05-01,,FedEx,DELAYED,1524.8,14
SHIP-00060,ORD-00249,LOC-ATL-DC1,LOC-BOS-RDC,SKU101,187,2024-04-10,2024-07-27,2496.58,UPS,DELAYED,776.1,4
SHIP-00061,ORD-00273,LOC-PHX-RDC,LOC-SEA-RDC,SKU046,78,2024-02-25,2024-05-03,1172.14,C.H. Robinson,DELAYED,1025.0,23
SHIP-00062,ORD-00046,LOC-DET-RDC,LOC-STL-RDC,SKU 074,41,2024-01-17,2024-02-29,3122.68,USPS,DELIVERED,987.2,10
SHIP-00063,ORD-00096,LOC-CHI-DC2,LOC-POR-RDC,SKU-020,196,2024-12-03,2024-03-18,3289.84,Werner,RETURNED,1156.7,20
SHIP-00064,ORD-00102,LOC-LAX-DC1,LOC-DEN-RDC,Sku-028,68,2024-09-19,2024-04-09,3235.17,FedEx,DELAYED,1731.8,15
SHIP-00065,ORD-00257,LOC-BOS-RDC,LOC-HOU-RDC,Sku-043,8,2024-10-30,2024-01-16,3501.65,XPO,IN_TRANSIT,1961.6,18
SHIP-00066,ORD-00235,LOC-CHI-DC1,LOC-DET-RDC,SKU071,2,2024-01-31,2024-05-06,1048.25,FedEx,RETURNED,818.1,20
SHIP-00067,ORD-00288,LOC-BOS-RDC,LOC-MIN-RDC,SKU 029,105,2024-08-28,2024-06-08,2898.55,XPO,RETURNED,1655.9,13
SHIP-00068,ORD-00012,LOC-SEA-RDC,LOC-MIN-RDC,SKU 179,125,2024-03-01,2024-08-26,1814.79,Werner,DELIVERED,1530.2,8
SHIP-00069,ORD-00021,LOC-PHX-RDC,LOC-PHX-RDC,Sku-038,110,2024-05-09,2024-09-06,3218.55,Werner,DELIVERED,1149.2,9
SHIP-00070,ORD-00127,LOC-SEA-RDC,LOC-STL-RDC,Sku-128,86,2024-01-23,2024-10-14,2800.85,FedEx,LOST,1912.3,16
SHIP-00071,ORD-00272,LOC-SEA-RDC,LOC-SEA-RDC,SKU 039,169,2024-02-03,2024-08-12,2977.33,USPS,LOST,404.9,19
SHIP-00072,ORD-00157,LOC-BOS-RDC,LOC-DEN-RDC,Sku-053,120,2024-06-03,2024-08-05,2534.68,XPO,DELIVERED,223.0,16
SHIP-00073,ORD-00171,LOC-MIA-RDC,LOC-MIN-RDC,SKU 134,127,2024-12-07,2024-11-28,772.94,J.B. Hunt,DELIVERED,1708.7,7
SHIP-00074,ORD-00251,LOC-PHX-RDC,LOC-DET-RDC,SKU161,183,2024-01-06,2024-01-20,2125.7,FedEx,RETURNED,881.1,14
SHIP-00075,ORD-00202,LOC-DET-RDC,LOC-MIN-RDC,SKU006,16,2024-02-19,2024-04-14,3743.58,C.H. Robinson,RETURNED,1694.7,14
SHIP-00076,ORD-00081,LOC-LAX-DC1,LOC-DEN-RDC,SKU076,62,2024-03-04,2024-03-23,3569.59,XPO,DELIVERED,1786.7,4
SHIP-00077,ORD-00010,LOC-MIA-RDC,LOC-POR-RDC,sku_107,113,2024-11-04,2024-05-20,278.88,UPS,RETURNED,129.6,15
SHIP-00078,ORD-00178,LOC-DAL-DC1,LOC-PHX-RDC,SKU-175,176,2024-04-15,2024-03-11,726.52,FedEx,DELIVERED,1767.5,3
SHIP-00079,ORD-00181,LOC-NYC-DC1,LOC-BOS-RDC,SKU 139,158,2024-10-27,2024-01-16,604.76,FedEx,RETURNED,899.4,5
SHIP-00080,ORD-00182,LOC-MIA-RDC,LOC-MIA-RDC,SKU 034,12,2024-04-12,2024-05-13,2791.61,USPS,DELIVERED,1023.3,1
SHIP-00081,ORD-00155,LOC-LAX-DC1,LOC-DET-RDC,sku_122,35,2024-04-04,2024-05-23,3129.45,C.H. Robinson,IN_TRANSIT,1255.1,3
SHIP-00082,ORD-00121,LOC-CHI-DC1,LOC-SEA-RDC,SKU 089,11,2024-12-09,2024-12-04,,Werner,DELIVERED,1853.1,15
SHIP-00083,ORD-00257,LOC-LAX-DC1,LOC-STL-RDC,Sku-108,64,2024-06-28,2024-10-09,1981.54,Werner,IN_TRANSIT,43.1,8
SHIP-00084,ORD-00142,LOC-SEA-RDC,LOC-BOS-RDC,SKU 114,50,2024-01-15,2024-04-01,3213.79,USPS,DELAYED,956.3,4
SHIP-00085,ORD-00032,LOC-MIN-RDC,LOC-PHX-RDC,SKU 189,149,2024-02-16,2024-11-26,2816.71,USPS,IN_TRANSIT,1377.0,2
SHIP-00086,ORD-00132,LOC-PHX-RDC,LOC-STL-RDC,SKU166,69,2024-03-15,2024-01-23,2115.43,Werner,DELAYED,1446.8,10
SHIP-00087,ORD-00199,LOC-MIA-RDC,LOC-DEN-RDC,SKU006,48,2024-05-22,2025-01-05,2292.48,XPO,LOST,1386.6,4
SHIP-00088,ORD-00016,LOC-DAL-DC1,LOC-MIN-RDC,SKU-075,20,2024-10-23,2024-09-06,1990.77,J.B. Hunt,RETURNED,273.2,3
SHIP-00089,ORD-00285,LOC-BOS-RDC,LOC-POR-RDC,SKU 049,101,2024-06-27,2024-01-12,1214.98,Werner,LOST,602.3,2
SHIP-00090,ORD-00144,LOC-DEN-RDC,LOC-DEN-RDC,sku_017,195,2024-06-29,2024-01-30,2199.28,FedEx,DELIVERED,720.6,17
SHIP-00091,ORD-00116,LOC-NYC-DC1,LOC-POR-RDC,SKU006,172,2024-03-23,2024-02-13,2655.1,XPO,IN_TRANSIT,1609.9,23
SHIP-00092,ORD-00078,LOC-ATL-DC1,LOC-BOS-RDC,SKU-060,161,2024-09-13,2024-06-10,3333.83,FedEx,DELAYED,561.1,21
SHIP-00093,ORD-00175,LOC-BOS-RDC,LOC-MIA-RDC,SKU 134,189,2024-11-09,2024-11-05,,Werner,DELAYED,425.4,20
SHIP-00094,ORD-00202,LOC-PHX-RDC,LOC-SEA-RDC,SKU166,137,2024-05-03,2024-06-02,2920.93,J.B. Hunt,IN_TRANSIT,1915.1,23
SHIP-00095,ORD-00071,LOC-DET-RDC,LOC-BOS-RDC,SKU086,68,2024-09-15,2024-02-03,70906.0,USPS,DELIVERED,22.7,13
SHIP-00096,ORD-00045,LOC-CHI-DC2,LOC-SEA-RDC,SKU106,35,2024-10-18,2024-07-28,1818.53,XPO,IN_TRANSIT,1995.7,5
SHIP-00097,ORD-00196,LOC-DAL-DC1,LOC-HOU-RDC,SKU 149,65,2024-02-04,2024-07-06,154.34,Werner,LOST,1355.3,21
SHIP-00098,ORD-00267,LOC-CHI-DC1,LOC-BOS-RDC,Sku-088,8,2024-02-20,2024-12-10,1027.78,Werner,LOST,1657.8,9
SHIP-00099,ORD-00117,LOC-HOU-RDC,LOC-POR-RDC,Sku-168,45,2024-10-23,2024-12-03,2793.38,C.H. Robinson,DELIVERED,592.8,22
SHIP-00100,ORD-00214,LOC-CHI-DC2,LOC-STL-RDC,SKU166,87,2024-01-08,2024-02-17,3769.86,J.B. Hunt,IN_TRANSIT,33.6,6
SHIP-00101,ORD-00124,LOC-LAX-DC1,LOC-DEN-RDC,SKU 084,175,2024-09-27,2024-07-23,484.98,UPS,LOST,1477.0,5
SHIP-00102,ORD-00294,LOC-STL-RDC,LOC-DET-RDC,SKU-125,168,2024-04-21,2025-01-06,1597.5,UPS,DELAYED,1669.1,10
SHIP-00103,ORD-00079,LOC-CHI-DC2,LOC-PHX-RDC,sku_152,76,2024-04-08,2024-03-13,,C.H. Robinson,DELAYED,1482.2,8
SHIP-00104,ORD-00219,LOC-ATL-DC1,LOC-POR-RDC,SKU171,182,2024-05-24,2024-05-01,870.85,FedEx,RETURNED,290.0,7
SHIP-00105,ORD-00160,LOC-POR-RDC,LOC-DET-RDC,SKU 179,76,2024-03-28,2024-02-28,2162.71,C.H. Robinson,IN_TRANSIT,1508.1,7
SHIP-00106,ORD-00169,LOC-STL-RDC,LOC-POR-RDC,SKU136,174,2024-10-02,2024-10-20,2817.7,Werner,DELIVERED,1539.0,6
SHIP-00107,ORD-00230,LOC-NYC-DC1,LOC-SEA-RDC,SKU141,47,2024-01-03,2024-09-14,2386.83,XPO,DELAYED,1318.8,21
SHIP-00108,ORD-00278,LOC-DET-RDC,LOC-SEA-RDC,SKU 114,15,2024-02-20,2024-03-03,,XPO,DELAYED,1533.4,20
SHIP-00109,ORD-00068,LOC-MIN-RDC,LOC-MIN-RDC,Sku-118,105,2024-04-19,2024-09-25,142782.0,C.H. Robinson,LOST,1692.6,3
SHIP-00110,ORD-00106,LOC-BOS-RDC,LOC-SEA-RDC,Sku-078,147,2024-09-15,2024-12-07,,FedEx,DELAYED,1229.1,19
SHIP-00111,ORD-00071,LOC-PHX-RDC,LOC-MIN-RDC,SKU146,26,2024-12-28,2024-10-25,2159.55,Werner,IN_TRANSIT,181.8,22
SHIP-00112,ORD-00298,LOC-SEA-RDC,LOC-SEA-RDC,SKU 034,52,2024-08-31,2024-09-26,139.24,FedEx,IN_TRANSIT,977.8,15
SHIP-00113,ORD-00278,LOC-ATL-DC1,LOC-STL-RDC,SKU 079,93,2024-07-06,2024-05-09,2920.45,J.B. Hunt,RETURNED,159.9,4
SHIP-00114,ORD-00104,LOC-DET-RDC,LOC-DEN-RDC,SKU 044,150,2024-12-23,2024-09-12,249.95,J.B. Hunt,LOST,818.0,12
SHIP-00115,ORD-00071,LOC-DAL-DC1,LOC-BOS-RDC,sku_067,21,2024-10-28,2024-02-17,2864.3,USPS,IN_TRANSIT,817.2,6
SHIP-00116,ORD-00159,LOC-ATL-DC1,LOC-DET-RDC,SKU 059,51,2024-04-04,2024-05-02,865.13,FedEx,IN_TRANSIT,136.7,19
SHIP-00117,ORD-00269,LOC-DET-RDC,LOC-POR-RDC,SKU 124,38,2024-08-13,2024-11-04,,USPS,LOST,700.9,4
SHIP-00118,ORD-00070,LOC-LAX-DC1,LOC-DET-RDC,SKU096,20,2024-12-10,2024-03-04,147402.0,XPO,LOST,226.4,15
SHIP-00119,ORD-00221,LOC-DET-RDC,LOC-MIA-RDC,SKU 074,157,2024-02-24,2024-06-10,1323.11,UPS,LOST,1617.4,9
SHIP-00120,ORD-00075,LOC-BOS-RDC,LOC-HOU-RDC,Sku-198,179,2024-04-02,2024-06-18,667.91,UPS,LOST,1895.6,5
SHIP-00121,ORD-00290,LOC-DET-RDC,LOC-BOS-RDC,Sku-013,132,2024-06-30,2024-10-27,1244.62,C.H. Robinson,RETURNED,149.3,13
SHIP-00122,ORD-00081,LOC-HOU-RDC,LOC-DEN-RDC,Sku-038,55,2024-07-13,2024-07-19,3346.07,C.H. Robinson,DELAYED,1910.5,23
SHIP-00123,ORD-00163,LOC-DEN-RDC,LOC-SEA-RDC,SKU091,199,2024-08-05,2024-05-01,3786.51,USPS,DELIVERED,1047.5,18
SHIP-00124,ORD-00035,LOC-DEN-RDC,LOC-MIA-RDC,Sku-073,92,2024-04-19,2024-08-05,1475.38,FedEx,LOST,602.6,5
SHIP-00125,ORD-00286,LOC-DAL-DC1,LOC-POR-RDC,sku_117,28,2024-09-20,2024-04-22,1770.89,FedEx,IN_TRANSIT,158.3,16
SHIP-00126,ORD-00273,LOC-MIA-RDC,LOC-SEA-RDC,Sku-043,4,2024-04-26,2024-03-15,2777.22,C.H. Robinson,DELIVERED,1003.7,19
SHIP-00127,ORD-00061,LOC-MIN-RDC,LOC-POR-RDC,SKU 159,150,2024-07-27,2024-02-25,3381.2,UPS,RETURNED,1590.1,14
SHIP-00128,ORD-00095,LOC-STL-RDC,LOC-HOU-RDC,sku_042,76,2024-02-27,2024-03-31,,UPS,DELIVERED,1415.6,16
SHIP-00129,ORD-00163,LOC-NYC-DC1,LOC-SEA-RDC,Sku-183,173,2024-06-09,2024-04-20,1560.81,USPS,DELIVERED,105.2,15
SHIP-00130,ORD-00075,LOC-PHX-RDC,LOC-BOS-RDC,Sku-138,67,2024-03-04,2024-05-21,1638.45,C.H. Robinson,DELAYED,150.4,22
SHIP-00131,ORD-00016,LOC-PHX-RDC,LOC-MIA-RDC,SKU 074,86,2024-08-26,2024-08-14,2679.87,USPS,DELAYED,808.7,4
SHIP-00132,ORD-00164,LOC-DET-RDC,LOC-SEA-RDC,sku_047,194,2024-02-26,2024-07-29,131.84,XPO,LOST,594.1,7
SHIP-00133,ORD-00212,LOC-HOU-RDC,LOC-MIA-RDC,SKU-045,162,2024-09-23,2024-05-11,2400.09,Werner,IN_TRANSIT,468.6,16
SHIP-00134,ORD-00211,LOC-CHI-DC1,LOC-SEA-RDC,sku_182,91,2024-03-10,2024-10-29,1428.21,C.H. Robinson,LOST,565.6,22
SHIP-00135,ORD-00156,LOC-ATL-DC1,LOC-PHX-RDC,Sku-178,183,2024-09-10,2024-01-30,3042.65,Werner,DELIVERED,1607.9,21
SHIP-00136,ORD-00227,LOC-HOU-RDC,LOC-DEN-RDC,SKU171,105,2024-07-03,2024-09-09,462.21,UPS,LOST,1858.8,22
SHIP-00137,ORD-00141,LOC-LAX-DC1,LOC-POR-RDC,SKU-040,1,2024-12-26,2024-10-01,228458.0,FedEx,DELIVERED,813.2,21
SHIP-00138,ORD-00078,LOC-MIN-RDC,LOC-HOU-RDC,sku_042,72,2024-05-27,2024-07-11,1889.98,XPO,IN_TRANSIT,1812.7,8
SHIP-00139,ORD-00097,LOC-HOU-RDC,LOC-MIA-RDC,SKU061,87,2024-10-12,2024-12-25,2483.76,USPS,RETURNED,646.4,17
SHIP-00140,ORD-00055,LOC-DET-RDC,LOC-HOU-RDC,SKU-030,166,2024-01-21,2024-02-28,358.66,C.H. Robinson,DELIVERED,955.5,16
SHIP-00141,ORD-00068,LOC-NYC-DC1,LOC-DEN-RDC,SKU011,6,2024-02-12,2024-06-12,2254.34,USPS,RETURNED,455.9,23
SHIP-00142,ORD-00095,LOC-BOS-RDC,LOC-DEN-RDC,sku_082,153,2024-06-16,2024-10-07,2186.26,Werner,DELAYED,1282.7,10
SHIP-00143,ORD-00014,LOC-MIN-RDC,LOC-DEN-RDC,Sku-148,145,2024-09-09,2024-08-05,2183.23,C.H. Robinson,LOST,1958.1,10
SHIP-00144,ORD-00137,LOC-DAL-DC1,LOC-POR-RDC,Sku-033,61,2024-02-29,2024-09-01,2340.83,XPO,LOST,1209.0,2
SHIP-00145,ORD-00291,LOC-LAX-DC1,LOC-HOU-RDC,Sku-113,12,2024-07-16,2024-12-16,2609.4,Werner,RETURNED,718.8,9
SHIP-00146,ORD-00119,LOC-STL-RDC,LOC-HOU-RDC,sku_067,6,2024-05-25,2024-05-07,3082.36,J.B. Hunt,DELAYED,1297.4,17
SHIP-00147,ORD-00119,LOC-LAX-DC1,LOC-BOS-RDC,SKU-095,27,2024-08-21,2024-05-23,1112.94,UPS,DELAYED,250.2,11
SHIP-00148,ORD-00119,LOC-PHX-RDC,LOC-DEN-RDC,Sku-048,136,2024-11-03,2024-03-16,3156.18,XPO,DELAYED,1777.9,10
SHIP-00149,ORD-00014,LOC-ATL-DC1,LOC-BOS-RDC,Sku-053,124,2024-06-08,2024-07-05,1953.58,Werner,DELIVERED,1008.7,22
SHIP-00150,ORD-00184,LOC-BOS-RDC,LOC-STL-RDC,SKU 144,106,2024-12-17,2024-09-01,403.57,FedEx,DELAYED,901.5,17
SHIP-00151,ORD-00041,LOC-DET-RDC,LOC-MIN-RDC,sku_182,193,2024-08-15,2025-01-02,,C.H. Robinson,RETURNED,1173.8,4
SHIP-00152,ORD-00245,LOC-STL-RDC,LOC-STL-RDC,SKU 009,185,2024-04-25,2024-07-08,1350.0,XPO,RETURNED,1251.4,16
SHIP-00153,ORD-00069,LOC-POR-RDC,LOC-MIN-RDC,SKU171,93,2024-10-10,2024-06-07,3008.42,J.B. Hunt,IN_TRANSIT,148.2,20
SHIP-00154,ORD-00258,LOC-DEN-RDC,LOC-DEN-RDC,sku_082,109,2024-07-27,2024-01-12,2724.27,UPS,LOST,1366.8,15
SHIP-00155,ORD-00241,LOC-DEN-RDC,LOC-HOU-RDC,SKU 089,99,2024-05-28,2024-11-27,3022.1,USPS,LOST,487.7,21
SHIP-00156,ORD-00192,LOC-NYC-DC1,LOC-DET-RDC,Sku-038,168,2024-08-07,2024-11-07,,USPS,IN_TRANSIT,1429.3,5
SHIP-00157,ORD-00095,LOC-HOU-RDC,LOC-MIA-RDC,SKU096,142,2024-04-06,2024-01-19,1739.93,USPS,RETURNED,1646.0,6
SHIP-00158,ORD-00199,LOC-STL-RDC,LOC-MIN-RDC,SKU-115,35,2024-02-05,2024-12-06,662.63,USPS,RETURNED,1608.9,17
SHIP-00159,ORD-00252,LOC-ATL-DC1,LOC-BOS-RDC,SKU 139,176,2024-08-31,2024-01-29,1327.75,XPO,RETURNED,1107.2,1
SHIP-00160,ORD-00243,LOC-PHX-RDC,LOC-SEA-RDC,sku_042,84,2024-12-13,2024-12-20,1717.19,J.B. Hunt,LOST,1042.7,19
SHIP-00161,ORD-00071,LOC-SEA-RDC,LOC-HOU-RDC,sku_137,56,2024-07-07,2024-12-10,446.05,J.B. Hunt,DELAYED,290.0,4
SHIP-00162,ORD-00084,LOC-POR-RDC,LOC-MIA-RDC,Sku-078,177,2024-04-01,2024-05-03,931.85,USPS,LOST,1551.8,17
SHIP-00163,ORD-00099,LOC-POR-RDC,LOC-MIN-RDC,sku_032,141,2024-01-07,2024-05-10,2321.47,FedEx,IN_TRANSIT,546.5,9
SHIP-00164,ORD-00116,LOC-PHX-RDC,LOC-DEN-RDC,sku_007,189,2024-12-11,2024-10-10,2827.24,C.H. Robinson,DELAYED,995.9,2
SHIP-00165,ORD-00017,LOC-DEN-RDC,LOC-DEN-RDC,SKU 104,49,2024-09-08,2024-07-16,3793.92,USPS,DELIVERED,572.1,8
SHIP-00166,ORD-00210,LOC-NYC-DC1,LOC-PHX-RDC,Sku-128,46,2024-12-10,2024-06-08,3553.86,C.H. Robinson,DELIVERED,272.0,15
SHIP-00167,ORD-00008,LOC-ATL-DC1,LOC-MIA-RDC,sku_197,113,2024-02-23,2024-11-24,2484.64,XPO,RETURNED,1261.0,7
SHIP-00168,ORD-00139,LOC-HOU-RDC,LOC-STL-RDC,Sku-038,190,2024-07-21,2024-12-25,1670.19,J.B. Hunt,DELAYED,113.4,6
SHIP-00169,ORD-00212,LOC-LAX-DC1,LOC-MIA-RDC,Sku-118,136,2024-08-12,2024-07-05,2461.13,UPS,LOST,1498.5,1
SHIP-00170,ORD-00114,LOC-DET-RDC,LOC-MIN-RDC,sku_082,43,2024-09-24,2024-12-17,3011.2,USPS,IN_TRANSIT,638.6,15
SHIP-00171,ORD-00104,LOC-PHX-RDC,LOC-DET-RDC,SKU-040,148,2024-12-03,2024-03-04,555.48,Werner,RETURNED,5.3,23
SHIP-00172,ORD-00105,LOC-LAX-DC1,LOC-MIA-RDC,sku_002,124,2024-12-12,2024-10-01,1628.45,USPS,RETURNED,1024.7,7
SHIP-00173,ORD-00034,LOC-DET-RDC,LOC-POR-RDC,SKU-190,97,2024-02-13,2024-05-02,,FedEx,DELAYED,98.5,17
SHIP-00174,ORD-00091,LOC-NYC-DC1,LOC-BOS-RDC,SKU-140,90,2024-03-02,2024-08-15,1532.51,FedEx,IN_TRANSIT,556.0,2
SHIP-00175,ORD-00225,LOC-BOS-RDC,LOC-HOU-RDC,SKU-130,39,2024-03-14,2024-07-18,2224.49,J.B. Hunt,DELIVERED,1415.4,9
SHIP-00176,ORD-00251,LOC-STL-RDC,LOC-SEA-RDC,SKU-085,85,2024-07-21,2024-01-06,2282.99,XPO,RETURNED,130.1,9
SHIP-00177,ORD-00167,LOC-ATL-DC1,LOC-MIA-RDC,SKU166,177,2024-07-24,2024-07-21,79887.0,USPS,RETURNED,1679.5,13
SHIP-00178,ORD-00235,LOC-LAX-DC1,LOC-DEN-RDC,SKU181,192,2024-12-21,2024-05-11,1453.03,Werner,DELAYED,12.6,6
SHIP-00179,ORD-00127,LOC-STL-RDC,LOC-HOU-RDC,SKU076,62,2024-10-29,2024-06-04,1351.0,UPS,RETURNED,497.4,6
SHIP-00180,ORD-00219,LOC-PHX-RDC,LOC-STL-RDC,sku_122,106,2024-02-22,2024-02-17,216.4,Werner,DELAYED,1483.1,20
SHIP-00181,ORD-00208,LOC-HOU-RDC,LOC-MIA-RDC,SKU-075,107,2024-03-27,2024-05-01,209.03,Werner,IN_TRANSIT,636.0,20
SHIP-00182,ORD-00022,LOC-CHI-DC2,LOC-SEA-RDC,SKU 194,54,2024-02-03,2024-06-02,3180.65,Werner,DELIVERED,208.3,21
SHIP-00183,ORD-00195,LOC-ATL-DC1,LOC-POR-RDC,sku_147,126,2024-07-05,2024-04-18,1124.9,UPS,DELIVERED,723.7,3
SHIP-00184,ORD-00161,LOC-SEA-RDC,LOC-DEN-RDC,SKU171,9,2024-04-11,2024-03-24,2026.53,USPS,RETURNED,544.4,17
SHIP-00185,ORD-00202,LOC-DAL-DC1,LOC-SEA-RDC,Sku-038,88,2024-06-22,2024-08-13,,J.B. Hunt,RETURNED,1686.2,17
SHIP-00186,ORD-00293,LOC-CHI-DC1,LOC-SEA-RDC,SKU-145,37,2024-04-12,2024-11-20,3581.7,Werner,DELAYED,630.1,12
SHIP-00187,ORD-00275,LOC-DAL-DC1,LOC-MIA-RDC,sku_187,49,2024-10-31,2024-06-12,1074.21,Werner,IN_TRANSIT,1578.9,16
SHIP-00188,ORD-00269,LOC-DAL-DC1,LOC-DEN-RDC,SKU 114,41,2024-07-25,2024-11-26,1701.14,J.B. Hunt,DELAYED,1784.3,15
SHIP-00189,ORD-00020,LOC-DET-RDC,LOC-HOU-RDC,sku_087,17,2024-03-03,2024-07-28,,FedEx,LOST,870.5,13
SHIP-00190,ORD-00267,LOC-BOS-RDC,LOC-PHX-RDC,sku_177,88,2024-04-29,2024-01-19,3218.32,XPO,RETURNED,1820.3,23
SHIP-00191,ORD-00056,LOC-STL-RDC,LOC-STL-RDC,SKU 029,21,2024-08-05,2024-05-21,804.85,USPS,DELIVERED,757.7,1
SHIP-00192,ORD-00232,LOC-DET-RDC,LOC-POR-RDC,Sku-188,51,2024-09-12,2024-02-12,3073.73,USPS,DELIVERED,1928.3,17
SHIP-00193,ORD-00234,LOC-SEA-RDC,LOC-MIA-RDC,Sku-123,59,2024-05-22,2024-09-09,1806.13,FedEx,DELAYED,183.1,3
SHIP-00194,ORD-00022,LOC-SEA-RDC,LOC-BOS-RDC,SKU011,167,2024-12-31,2024-08-30,1897.33,C.H. Robinson,DELAYED,1375.6,15
SHIP-00195,ORD-00126,LOC-PHX-RDC,LOC-MIA-RDC,SKU036,183,2024-10-24,2024-07-31,611.21,USPS,RETURNED,990.2,4
SHIP-00196,ORD-00266,LOC-BOS-RDC,LOC-PHX-RDC,SKU 174,41,2024-10-30,2024-06-20,416.61,XPO,DELAYED,778.4,4
SHIP-00197,ORD-00276,LOC-BOS-RDC,LOC-DET-RDC,sku_142,39,2024-05-19,2025-01-03,2798.82,UPS,DELIVERED,1267.3,18
SHIP-00198,ORD-00203,LOC-POR-RDC,LOC-POR-RDC,SKU-030,141,2024-11-25,2024-08-05,1946.98,UPS,DELIVERED,1409.2,17
SHIP-00199,ORD-00021,LOC-MIN-RDC,LOC-STL-RDC,SKU 079,192,2024-07-23,2024-02-22,1727.61,Werner,DELIVERED,13.7,19
SHIP-00200,ORD-00286,LOC-ATL-DC1,LOC-BOS-RDC,sku_007,11,2024-07-01,2024-03-24,2804.59,XPO,LOST,338.1,11
SHIP-00201,ORD-00199,LOC-CHI-DC1,LOC-MIA-RDC,Sku-103,147,2024-08-31,2024-12-24,2937.09,C.H. Robinson,DELAYED,1427.5,20
SHIP-00202,ORD-00265,LOC-STL-RDC,LOC-HOU-RDC,SKU 159,139,2024-12-07,2024-05-14,704.78,UPS,RETURNED,1334.4,3
SHIP-00203,ORD-00026,LOC-DAL-DC1,LOC-SEA-RDC,sku_057,77,2024-11-04,2024-09-17,2365.63,J.B. Hunt,DELIVERED,1932.3,8
SHIP-00204,ORD-00098,LOC-BOS-RDC,LOC-HOU-RDC,SKU-115,127,2024-07-26,2024-02-04,618.1,USPS,LOST,1523.3,14
SHIP-00205,ORD-00150,LOC-CHI-DC2,LOC-MIA-RDC,sku_092,46,2024-09-05,2024-06-30,2885.06,XPO,DELAYED,1901.8,1
SHIP-00206,ORD-00226,LOC-MIN-RDC,LOC-POR-RDC,SKU 024,45,2024-09-18,2024-08-04,2537.59,J.B. Hunt,IN_TRANSIT,1406.6,14
SHIP-00207,ORD-00204,LOC-CHI-DC2,LOC-HOU-RDC,SKU 084,1,2024-05-22,2024-11-05,3640.34,FedEx,RETURNED,599.6,2
SHIP-00208,ORD-00156,LOC-CHI-DC1,LOC-DEN-RDC,SKU-015,168,2024-03-16,2025-01-09,373.77,J.B. Hunt,RETURNED,215.2,23
SHIP-00209,ORD-00147,LOC-MIN-RDC,LOC-PHX-RDC,SKU156,108,2024-08-20,2024-10-08,329.96,FedEx,RETURNED,1564.7,4
SHIP-00210,ORD-00237,LOC-LAX-DC1,LOC-MIN-RDC,SKU-165,19,2024-02-25,2024-06-17,1158.45,FedEx,RETURNED,1290.1,19
SHIP-00211,ORD-00086,LOC-BOS-RDC,LOC-STL-RDC,SKU-050,76,2024-03-03,2024-08-21,1083.08,J.B. Hunt,IN_TRANSIT,101.1,6
SHIP-00212,ORD-00217,LOC-CHI-DC1,LOC-SEA-RDC,SKU-150,72,2024-05-08,2024-12-22,1028.88,FedEx,DELAYED,723.3,1
SHIP-00213,ORD-00151,LOC-DEN-RDC,LOC-DET-RDC,SKU-135,189,2024-09-07,2024-01-16,3455.02,J.B. Hunt,DELAYED,1913.8,17
SHIP-00214,ORD-00028,LOC-POR-RDC,LOC-BOS-RDC,sku_057,109,2024-09-11,2024-01-28,1038.33,USPS,DELAYED,1003.3,8
SHIP-00215,ORD-00265,LOC-STL-RDC,LOC-BOS-RDC,sku_197,12,2024-04-28,2024-11-25,,USPS,RETURNED,868.3,19
SHIP-00216,ORD-00073,LOC-PHX-RDC,LOC-DEN-RDC,sku_072,189,2024-11-17,2024-11-25,2914.59,FedEx,IN_TRANSIT,918.1,21
SHIP-00217,ORD-00238,LOC-STL-RDC,LOC-DET-RDC,SKU051,161,2024-03-09,2024-04-05,1775.04,USPS,LOST,421.7,1
SHIP-00218,ORD-00232,LOC-STL-RDC,LOC-DEN-RDC,SKU006,45,2024-01-16,2024-11-19,2978.29,Werner,RETURNED,740.6,5
SHIP-00219,ORD-00047,LOC-STL-RDC,LOC-HOU-RDC,sku_022,90,2024-02-20,2024-08-16,360.55,Werner,IN_TRANSIT,742.8,16
SHIP-00220,ORD-00257,LOC-POR-RDC,LOC-MIN-RDC,Sku-138,103,2024-01-28,2024-11-25,1914.26,J.B. Hunt,DELIVERED,109.4,6
SHIP-00221,ORD-00058,LOC-SEA-RDC,LOC-DET-RDC,SKU-115,197,2024-02-04,2024-03-11,243.7,C.H. Robinson,DELAYED,1536.3,8
SHIP-00222,ORD-00093,LOC-NYC-DC1,LOC-DET-RDC,SKU 174,8,2024-09-12,2024-01-03,350.56,XPO,RETURNED,835.9,13
SHIP-00223,ORD-00300,LOC-HOU-RDC,LOC-BOS-RDC,sku_172,153,2024-12-13,2024-07-25,3455.69,XPO,RETURNED,1645.2,16
SHIP-00224,ORD-00280,LOC-DAL-DC1,LOC-POR-RDC,Sku-023,91,2024-01-14,2024-04-13,632.42,XPO,IN_TRANSIT,1701.4,3
SHIP-00225,ORD-00070,LOC-SEA-RDC,LOC-BOS-RDC,sku_132,174,2024-04-01,2024-11-18,207931.0,J.B. Hunt,DELAYED,427.9,19
SHIP-00226,ORD-00202,LOC-STL-RDC,LOC-PHX-RDC,SKU101,87,2024-07-14,2024-06-06,1632.83,FedEx,LOST,1316.4,12
SHIP-00227,ORD-00212,LOC-MIN-RDC,LOC-SEA-RDC,SKU-050,158,2024-11-05,2024-06-10,,C.H. Robinson,DELIVERED,947.2,16
SHIP-00228,ORD-00166,LOC-POR-RDC,LOC-BOS-RDC,SKU126,175,2024-12-13,2024-10-22,3431.39,J.B. Hunt,IN_TRANSIT,1760.9,11
SHIP-00229,ORD-00231,LOC-DAL-DC1,LOC-DEN-RDC,sku_082,177,2024-06-16,2024-02-13,200.31,FedEx,LOST,435.4,10
SHIP-00230,ORD-00013,LOC-BOS-RDC,LOC-MIA-RDC,SKU-155,175,2024-03-19,2024-02-27,,FedEx,LOST,1357.2,20
SHIP-00231,ORD-00092,LOC-DAL-DC1,LOC-POR-RDC,SKU-155,84,2024-06-04,2024-03-22,366529.0,Werner,DELIVERED,1217.5,4
SHIP-00232,ORD-00233,LOC-DAL-DC1,LOC-POR-RDC,SKU131,82,2024-11-14,2024-05-08,2181.42,Werner,DELIVERED,594.1,12
SHIP-00233,ORD-00104,LOC-CHI-DC1,LOC-MIA-RDC,SKU-015,146,2024-11-15,2024-09-22,,USPS,DELIVERED,277.5,23
SHIP-00234,ORD-00233,LOC-ATL-DC1,LOC-MIA-RDC,SKU171,194,2024-02-19,2025-01-01,312.31,UPS,LOST,1305.0,2
SHIP-00235,ORD-00047,LOC-CHI-DC1,LOC-SEA-RDC,Sku-093,68,2024-02-09,2024-11-29,1661.16,C.H. Robinson,IN_TRANSIT,1478.5,22
SHIP-00236,ORD-00129,LOC-DAL-DC1,LOC-SEA-RDC,sku_102,161,2024-12-04,2024-03-08,1077.38,UPS,LOST,634.7,19
SHIP-00237,ORD-00166,LOC-HOU-RDC,LOC-MIN-RDC,Sku-038,127,2024-09-23,2024-11-01,2809.42,C.H. Robinson,IN_TRANSIT,1291.4,5
SHIP-00238,ORD-00084,LOC-POR-RDC,LOC-PHX-RDC,SKU 184,164,2024-09-09,2024-12-18,3731.17,USPS,LOST,793.3,8
SHIP-00239,ORD-00064,LOC-DAL-DC1,LOC-BOS-RDC,SKU-110,82,2024-08-26,2024-07-30,,FedEx,DELIVERED,1427.8,7
SHIP-00240,ORD-00047,LOC-ATL-DC1,LOC-STL-RDC,SKU-095,147,2024-04-13,2024-06-13,2527.36,FedEx,DELAYED,402.4,14
SHIP-00241,ORD-00059,LOC-DAL-DC1,LOC-PHX-RDC,SKU 099,156,2024-05-30,2024-08-20,849.0,USPS,RETURNED,1781.0,23
SHIP-00242,ORD-00231,LOC-POR-RDC,LOC-MIN-RDC,SKU096,168,2024-12-04,2024-09-02,,Werner,LOST,578.4,3
SHIP-00243,ORD-00186,LOC-DET-RDC,LOC-HOU-RDC,SKU 004,84,2024-09-11,2024-03-10,1827.27,XPO,RETURNED,738.7,18
SHIP-00244,ORD-00044,LOC-POR-RDC,LOC-POR-RDC,Sku-073,113,2024-09-08,2024-05-14,3696.98,XPO,RETURNED,120.9,16
SHIP-00245,ORD-00269,LOC-NYC-DC1,LOC-SEA-RDC,SKU 089,76,2024-09-15,2024-03-30,2359.38,J.B. Hunt,RETURNED,227.5,23
SHIP-00246,ORD-00197,LOC-DET-RDC,LOC-DEN-RDC,SKU-090,122,2024-05-13,2024-12-18,1406.18,Werner,LOST,1034.1,19
SHIP-00247,ORD-00262,LOC-POR-RDC,LOC-SEA-RDC,SKU 079,143,2024-10-04,2024-10-31,539.87,USPS,DELAYED,538.8,19
SHIP-00248,ORD-00082,LOC-DET-RDC,LOC-DET-RDC,SKU-115,41,2024-06-24,2024-06-17,676.59,C.H. Robinson,RETURNED,1671.8,18
SHIP-00249,ORD-00194,LOC-STL-RDC,LOC-MIA-RDC,SKU 144,167,2024-10-03,2024-05-25,949.17,Werner,LOST,34.3,20
SHIP-00250,ORD-00282,LOC-MIN-RDC,LOC-MIA-RDC,Sku-023,2,2024-10-06,2024-04-12,1043.56,USPS,LOST,761.3,16
SHIP-00251,ORD-00195,LOC-DEN-RDC,LOC-SEA-RDC,SKU056,191,2024-01-10,2024-02-14,3250.27,J.B. Hunt,LOST,678.0,8
SHIP-00252,ORD-00023,LOC-NYC-DC1,LOC-POR-RDC,sku_187,29,2024-01-17,2024-08-01,2185.3,C.H. Robinson,LOST,43.6,1
SHIP-00253,ORD-00088,LOC-POR-RDC,LOC-DET-RDC,SKU 114,105,2024-08-08,2024-07-08,2046.08,XPO,LOST,253.1,17
SHIP-00254,ORD-00172,LOC-CHI-DC1,LOC-DEN-RDC,SKU-190,194,2024-03-01,2024-04-04,,XPO,IN_TRANSIT,830.2,12
SHIP-00255,ORD-00290,LOC-HOU-RDC,LOC-DEN-RDC,sku_107,51,2024-07-15,2024-07-21,3285.31,C.H. Robinson,IN_TRANSIT,988.3,21
SHIP-00256,ORD-00077,LOC-DEN-RDC,LOC-BOS-RDC,SKU 114,75,2024-08-18,2024-07-13,2779.96,C.H. Robinson,RETURNED,811.6,11
SHIP-00257,ORD-00084,LOC-MIA-RDC,LOC-POR-RDC,SKU 074,10,2024-06-10,2024-10-20,369.02,UPS,IN_TRANSIT,1064.2,5
SHIP-00258,ORD-00075,LOC-POR-RDC,LOC-HOU-RDC,sku_042,142,2024-07-11,2024-04-25,2724.83,UPS,LOST,1192.3,12
SHIP-00259,ORD-00092,LOC-MIN-RDC,LOC-HOU-RDC,sku_187,51,2024-08-14,2024-01-12,,UPS,LOST,24.8,17
SHIP-00260,ORD-00027,LOC-CHI-DC2,LOC-MIN-RDC,SKU 109,118,2024-08-23,2024-01-13,420.75,FedEx,IN_TRANSIT,930.9,6
SHIP-00261,ORD-00215,LOC-CHI-DC2,LOC-STL-RDC,sku_187,121,2024-01-19,2024-10-13,1806.55,Werner,RETURNED,1927.2,1
SHIP-00262,ORD-00158,LOC-HOU-RDC,LOC-BOS-RDC,sku_107,39,2024-01-17,2024-11-28,190368.0,J.B. Hunt,RETURNED,1040.5,5
SHIP-00263,ORD-00159,LOC-MIN-RDC,LOC-MIN-RDC,SKU036,28,2024-03-31,2024-11-10,730.05,XPO,DELIVERED,1356.7,14
SHIP-00264,ORD-00229,LOC-LAX-DC1,LOC-BOS-RDC,SKU151,3,2024-10-12,2024-11-17,3600.17,C.H. Robinson,IN_TRANSIT,627.2,5
SHIP-00265,ORD-00148,LOC-HOU-RDC,LOC-DEN-RDC,SKU 154,84,2024-12-03,2024-04-28,3247.91,Werner,LOST,1549.1,22
SHIP-00266,ORD-00093,LOC-ATL-DC1,LOC-MIN-RDC,Sku-023,198,2024-06-04,2024-02-16,2582.0,FedEx,LOST,1547.0,1
SHIP-00267,ORD-00061,LOC-DAL-DC1,LOC-BOS-RDC,sku_037,155,2024-12-27,2024-08-25,1821.25,USPS,DELIVERED,1045.0,18
SHIP-00268,ORD-00068,LOC-MIA-RDC,LOC-DEN-RDC,SKU 054,117,2024-03-25,2024-04-12,1635.3,J.B. Hunt,IN_TRANSIT,1952.1,16
SHIP-00269,ORD-00104,LOC-DET-RDC,LOC-BOS-RDC,Sku-078,2,2024-09-08,2024-05-15,2515.58,FedEx,RETURNED,255.5,9
SHIP-00270,ORD-00002,LOC-ATL-DC1,LOC-STL-RDC,sku_122,93,2024-08-08,2024-12-26,2127.19,FedEx,DELAYED,38.8,19
SHIP-00271,ORD-00130,LOC-ATL-DC1,LOC-BOS-RDC,SKU-135,166,2024-03-09,2024-03-28,349.17,USPS,DELIVERED,1541.5,22
SHIP-00272,ORD-00007,LOC-DEN-RDC,LOC-STL-RDC,SKU086,131,2024-06-08,2024-01-27,2006.01,FedEx,RETURNED,1615.3,5
SHIP-00273,ORD-00235,LOC-HOU-RDC,LOC-BOS-RDC,sku_017,144,2024-07-18,2024-07-25,3087.57,FedEx,LOST,244.8,2
SHIP-00274,ORD-00255,LOC-ATL-DC1,LOC-DEN-RDC,sku_152,94,2024-09-06,2024-11-13,1810.0,UPS,DELIVERED,534.8,15
SHIP-00275,ORD-00256,LOC-BOS-RDC,LOC-POR-RDC,SKU 194,40,2024-02-26,2024-08-08,311.2,Werner,DELIVERED,40.0,7
SHIP-00276,ORD-00279,LOC-CHI-DC2,LOC-HOU-RDC,sku_097,2,2024-10-18,2024-11-04,3013.5,USPS,DELAYED,590.2,4
SHIP-00277,ORD-00003,LOC-PHX-RDC,LOC-POR-RDC,Sku-023,81,2024-12-11,2024-05-14,86102.0,USPS,RETURNED,1547.4,1
SHIP-00278,ORD-00253,LOC-CHI-DC1,LOC-SEA-RDC,sku_002,169,2024-09-08,2024-03-18,1071.72,Werner,DELAYED,1038.3,13
SHIP-00279,ORD-00122,LOC-HOU-RDC,LOC-STL-RDC,SKU-105,12,2024-12-03,2024-02-16,726.12,USPS,DELIVERED,699.5,20
SHIP-00280,ORD-00112,LOC-DET-RDC,LOC-MIA-RDC,SKU 164,163,2024-10-10,2024-07-08,1335.19,C.H. Robinson,RETURNED,746.6,22
SHIP-00281,ORD-00244,LOC-HOU-RDC,LOC-BOS-RDC,SKU-070,65,2024-12-16,2024-03-29,2904.85,Werner,IN_TRANSIT,7.7,7
SHIP-00282,ORD-00233,LOC-PHX-RDC,LOC-HOU-RDC,sku_107,55,2024-10-03,2024-10-18,2031.34,Werner,DELIVERED,603.1,15
SHIP-00283,ORD-00210,LOC-POR-RDC,LOC-POR-RDC,SKU-045,45,2024-10-19,2024-03-02,873.96,J.B. Hunt,DELAYED,1294.7,23
SHIP-00284,ORD-00227,LOC-MIN-RDC,LOC-MIA-RDC,Sku-143,101,2024-08-28,2024-01-09,3350.41,Werner,DELAYED,1948.5,14
SHIP-00285,ORD-00041,LOC-BOS-RDC,LOC-STL-RDC,SKU 119,62,2024-08-31,2025-01-03,3356.86,USPS,DELAYED,1694.9,23
SHIP-00286,ORD-00004,LOC-BOS-RDC,LOC-MIN-RDC,sku_182,49,2024-10-14,2024-09-27,3323.73,XPO,DELAYED,52.1,19
SHIP-00287,ORD-00126,LOC-NYC-DC1,LOC-MIA-RDC,SKU146,127,2024-03-21,2024-08-11,998.77,J.B. Hunt,DELAYED,1797.6,22
SHIP-00288,ORD-00281,LOC-CHI-DC2,LOC-POR-RDC,SKU 194,153,2024-09-16,2024-08-21,1780.56,C.H. Robinson,LOST,1567.5,20
SHIP-00289,ORD-00143,LOC-BOS-RDC,LOC-BOS-RDC,SKU036,23,2024-01-29,2024-12-11,3744.76,J.B. Hunt,DELIVERED,1561.9,18
SHIP-00290,ORD-00286,LOC-MIA-RDC,LOC-MIN-RDC,sku_052,152,2024-07-19,2024-09-11,2961.01,XPO,IN_TRANSIT,918.7,10
SHIP-00291,ORD-00107,LOC-CHI-DC2,LOC-PHX-RDC,Sku-048,38,2024-05-14,2024-03-02,219.98,Werner,IN_TRANSIT,799.0,9
SHIP-00292,ORD-00026,LOC-HOU-RDC,LOC-BOS-RDC,Sku-098,28,2024-09-10,2024-04-25,359.95,Werner,RETURNED,609.3,8
SHIP-00293,ORD-00095,LOC-NYC-DC1,LOC-MIN-RDC,SKU-075,21,2024-10-29,2025-01-01,1827.27,Werner,LOST,136.1,10
SHIP-00294,ORD-00076,LOC-CHI-DC2,LOC-MIA-RDC,sku_142,182,2024-07-12,2024-04-15,3465.93,Werner,DELIVERED,460.3,17
SHIP-00295,ORD-00029,LOC-BOS-RDC,LOC-SEA-RDC,SKU126,107,2024-11-11,2024-04-08,2102.42,USPS,DELAYED,497.0,2
SHIP-00296,ORD-00179,LOC-CHI-DC1,LOC-HOU-RDC,SKU011,146,2024-12-12,2024-05-17,1951.95,C.H. Robinson,DELAYED,970.7,6
SHIP-00297,ORD-00019,LOC-BOS-RDC,LOC-SEA-RDC,Sku-078,164,2024-06-29,2024-05-28,508.14,XPO,IN_TRANSIT,1496.2,5
SHIP-00298,ORD-00075,LOC-HOU-RDC,LOC-PHX-RDC,SKU-150,99,2024-05-25,2024-09-11,2536.95,FedEx,IN_TRANSIT,950.3,9
SHIP-00299,ORD-00017,LOC-ATL-DC1,LOC-MIA-RDC,Sku-078,173,2024-06-13,2024-07-15,3145.34,UPS,LOST,120.4,5
SHIP-00300,ORD-00296,LOC-DAL-DC1,LOC-DEN-RDC,sku_127,119,2024-02-01,2024-03-08,1519.95,UPS,DELIVERED,1915.8,18
SHIP-00301,ORD-00153,LOC-ATL-DC1,LOC-POR-RDC,SKU 144,73,2024-01-15,2024-08-09,,FedEx,DELIVERED,1885.7,20
SHIP-00302,ORD-00170,LOC-MIA-RDC,LOC-POR-RDC,SKU-190,181,2024-10-29,2024-04-16,,UPS,RETURNED,1571.5,9
SHIP-00303,ORD-00045,LOC-MIA-RDC,LOC-STL-RDC,SKU 119,122,2024-01-24,2024-11-04,869.86,FedEx,DELAYED,1982.7,17
SHIP-00304,ORD-00026,LOC-DAL-DC1,LOC-MIA-RDC,Sku-058,30,2024-03-06,2024-04-21,,C.H. Robinson,DELIVERED,1091.2,17
SHIP-00305,ORD-00056,LOC-MIA-RDC,LOC-MIN-RDC,sku_007,188,2024-07-06,2024-05-25,1176.67,FedEx,DELIVERED,1925.7,12
SHIP-00306,ORD-00214,LOC-MIA-RDC,LOC-BOS-RDC,SKU001,108,2024-06-27,2025-01-08,3037.7,Werner,LOST,155.8,7
SHIP-00307,ORD-00092,LOC-MIA-RDC,LOC-PHX-RDC,SKU-040,98,2024-10-25,2024-12-13,,UPS,LOST,734.5,3
SHIP-00308,ORD-00083,LOC-CHI-DC1,LOC-HOU-RDC,Sku-068,32,2024-01-14,2024-04-07,2455.26,C.H. Robinson,RETURNED,454.6,10
SHIP-00309,ORD-00146,LOC-LAX-DC1,LOC-MIA-RDC,sku_077,195,2024-11-16,2024-08-03,3056.32,FedEx,DELAYED,395.7,2
SHIP-00310,ORD-00294,LOC-NYC-DC1,LOC-HOU-RDC,SKU 164,195,2024-06-23,2024-04-03,1577.17,UPS,RETURNED,285.9,3
SHIP-00311,ORD-00288,LOC-DAL-DC1,LOC-MIA-RDC,Sku-163,156,2024-07-13,2024-07-29,3487.53,USPS,LOST,1246.7,16
SHIP-00312,ORD-00091,LOC-DET-RDC,LOC-HOU-RDC,SKU121,172,2024-02-19,2024-03-16,2081.55,Werner,DELAYED,1563.7,2
SHIP-00313,ORD-00234,LOC-MIN-RDC,LOC-DET-RDC,sku_032,79,2024-08-07,2024-01-16,701.27,UPS,LOST,1158.7,10
SHIP-00314,ORD-00297,LOC-NYC-DC1,LOC-BOS-RDC,Sku-168,41,2024-06-25,2024-05-29,2680.91,Werner,LOST,298.2,6
SHIP-00315,ORD-00185,LOC-MIA-RDC,LOC-DEN-RDC,SKU171,63,2024-07-01,2024-05-15,3039.2,UPS,RETURNED,1623.2,22
SHIP-00316,ORD-00019,LOC-DEN-RDC,LOC-STL-RDC,SKU 074,23,2024-07-29,2024-05-01,1285.68,USPS,IN_TRANSIT,1273.7,11
SHIP-00317,ORD-00048,LOC-HOU-RDC,LOC-DET-RDC,sku_107,104,2024-06-28,2024-11-13,3274.42,C.H. Robinson,IN_TRANSIT,779.4,23
SHIP-00318,ORD-00154,LOC-NYC-DC1,LOC-POR-RDC,SKU046,75,2024-01-29,2024-08-19,345461.0,Werner,RETURNED,1349.9,7
SHIP-00319,ORD-00166,LOC-CHI-DC2,LOC-BOS-RDC,SKU126,48,2024-12-04,2024-05-08,1139.01,C.H. Robinson,LOST,523.5,15
SHIP-00320,ORD-00189,LOC-PHX-RDC,LOC-HOU-RDC,sku_177,160,2024-05-05,2024-07-09,3739.36,C.H. Robinson,LOST,693.7,6
SHIP-00321,ORD-00195,LOC-ATL-DC1,LOC-POR-RDC,SKU166,57,2024-05-06,2024-10-26,637.82,J.B. Hunt,LOST,1835.4,20
SHIP-00322,ORD-00035,LOC-DAL-DC1,LOC-POR-RDC,Sku-063,118,2024-04-30,2024-12-17,863.42,UPS,IN_TRANSIT,584.6,9
SHIP-00323,ORD-00219,LOC-DAL-DC1,LOC-PHX-RDC,Sku-008,100,2024-11-27,2024-11-28,797.95,FedEx,DELAYED,942.6,22
SHIP-00324,ORD-00282,LOC-HOU-RDC,LOC-SEA-RDC,SKU031,124,2024-06-08,2024-08-23,3409.88,XPO,DELIVERED,1780.8,20
SHIP-00325,ORD-00034,LOC-POR-RDC,LOC-STL-RDC,SKU196,161,2024-10-30,2024-02-14,2527.8,C.H. Robinson,RETURNED,1416.9,12
SHIP-00326,ORD-00150,LOC-STL-RDC,LOC-BOS-RDC,SKU071,152,2024-02-13,2024-01-07,679.74,USPS,RETURNED,129.1,19
SHIP-00327,ORD-00242,LOC-DEN-RDC,LOC-BOS-RDC,sku_127,167,2024-12-18,2024-08-29,1740.39,UPS,LOST,298.9,20
SHIP-00328,ORD-00069,LOC-DET-RDC,LOC-MIN-RDC,Sku-018,34,2024-02-03,2024-03-10,2384.3,USPS,LOST,20.6,3
SHIP-00329,ORD-00063,LOC-NYC-DC1,LOC-STL-RDC,SKU 154,184,2024-06-05,2024-06-15,,USPS,IN_TRANSIT,1263.7,15
SHIP-00330,ORD-00141,LOC-SEA-RDC,LOC-HOU-RDC,SKU191,156,2024-02-28,2024-12-21,3367.29,FedEx,LOST,898.1,2
SHIP-00331,ORD-00169,LOC-MIN-RDC,LOC-BOS-RDC,Sku-093,165,2024-06-21,2024-07-23,3077.26,FedEx,DELAYED,272.9,21
SHIP-00332,ORD-00270,LOC-CHI-DC2,LOC-HOU-RDC,SKU 149,7,2024-03-27,2024-12-18,1979.16,UPS,RETURNED,1916.1,2
SHIP-00333,ORD-00212,LOC-MIA-RDC,LOC-MIA-RDC,SKU 124,196,2024-01-11,2024-04-19,3679.03,UPS,DELIVERED,1061.7,22
SHIP-00334,ORD-00269,LOC-LAX-DC1,LOC-HOU-RDC,SKU-145,165,2024-10-02,2025-01-01,1657.36,Werner,LOST,487.6,3
SHIP-00335,ORD-00108,LOC-CHI-DC2,LOC-SEA-RDC,sku_112,56,2024-06-15,2024-07-16,3741.53,Werner,DELAYED,1003.7,6
SHIP-00336,ORD-00108,LOC-NYC-DC1,LOC-STL-RDC,sku_067,65,2024-01-20,2024-12-29,257795.0,USPS,DELIVERED,1360.8,15
SHIP-00337,ORD-00030,LOC-DET-RDC,LOC-SEA-RDC,SKU161,193,2024-08-23,2024-08-05,2455.59,USPS,IN_TRANSIT,157.1,10
SHIP-00338,ORD-00056,LOC-STL-RDC,LOC-SEA-RDC,SKU176,47,2024-12-02,2024-11-02,,USPS,DELIVERED,553.0,9
SHIP-00339,ORD-00293,LOC-HOU-RDC,LOC-POR-RDC,sku_122,148,2024-08-04,2024-05-12,3365.49,FedEx,RETURNED,1614.9,1
SHIP-00340,ORD-00271,LOC-BOS-RDC,LOC-DET-RDC,Sku-178,19,2024-10-17,2024-02-08,1693.16,C.H. Robinson,DELAYED,922.0,16
SHIP-00341,ORD-00045,LOC-HOU-RDC,LOC-SEA-RDC,SKU031,157,2024-09-20,2024-02-19,717.02,USPS,RETURNED,1095.4,6
SHIP-00342,ORD-00248,LOC-DEN-RDC,LOC-STL-RDC,SKU096,188,2024-08-03,2024-10-13,166.4,J.B. Hunt,DELIVERED,868.5,9
SHIP-00343,ORD-00148,LOC-STL-RDC,LOC-DET-RDC,sku_132,146,2024-05-16,2024-02-01,2179.9,UPS,RETURNED,92.6,4
SHIP-00344,ORD-00219,LOC-STL-RDC,LOC-STL-RDC,Sku-188,163,2024-01-11,2024-01-28,2060.83,UPS,DELIVERED,335.7,2
SHIP-00345,ORD-00163,LOC-HOU-RDC,LOC-POR-RDC,Sku-148,171,2024-12-22,2024-06-20,2767.22,XPO,IN_TRANSIT,893.9,4
SHIP-00346,ORD-00133,LOC-MIA-RDC,LOC-DEN-RDC,SKU-005,126,2024-08-28,2024-05-01,3396.15,J.B. Hunt,RETURNED,422.3,1
SHIP-00347,ORD-00270,LOC-DAL-DC1,LOC-POR-RDC,sku_067,139,2024-10-28,2024-08-30,412.22,C.H. Robinson,RETURNED,104.7,19
SHIP-00348,ORD-00295,LOC-POR-RDC,LOC-POR-RDC,sku_042,49,2024-01-12,2024-07-01,2811.91,C.H. Robinson,RETURNED,1688.1,10
SHIP-00349,ORD-00182,LOC-CHI-DC1,LOC-BOS-RDC,SKU 149,113,2024-06-11,2024-11-07,809.68,USPS,DELIVERED,1962.5,21
SHIP-00350,ORD-00067,LOC-BOS-RDC,LOC-DEN-RDC,SKU-015,38,2024-07-12,2024-12-10,3278.09,FedEx,RETURNED,1587.3,15
SHIP-00351,ORD-00289,LOC-DET-RDC,LOC-DET-RDC,Sku-038,64,2024-10-19,2024-11-03,3134.15,XPO,RETURNED,1708.3,22
SHIP-00352,ORD-00255,LOC-STL-RDC,LOC-SEA-RDC,sku_082,69,2024-07-18,2024-12-30,2110.12,FedEx,IN_TRANSIT,487.7,19
SHIP-00353,ORD-00267,LOC-PHX-RDC,LOC-STL-RDC,SKU 119,136,2024-06-14,2024-01-25,2733.69,FedEx,LOST,1921.5,16
SHIP-00354,ORD-00255,LOC-CHI-DC2,LOC-BOS-RDC,Sku-178,162,2024-10-20,2024-01-04,,Werner,RETURNED,397.9,21
SHIP-00355,ORD-00253,LOC-LAX-DC1,LOC-MIA-RDC,SKU-035,176,2024-02-20,2024-05-10,1853.9,C.H. Robinson,DELIVERED,1903.1,22
SHIP-00356,ORD-00093,LOC-MIN-RDC,LOC-MIN-RDC,sku_092,116,2024-09-07,2024-09-16,3143.62,Werner,DELIVERED,1989.7,4
SHIP-00357,ORD-00120,LOC-POR-RDC,LOC-PHX-RDC,sku_042,184,2024-02-21,2024-11-14,1810.1,USPS,RETURNED,1424.9,2
SHIP-00358,ORD-00149,LOC-MIA-RDC,LOC-BOS-RDC,SKU 014,65,2024-12-19,2024-07-15,1436.7,USPS,IN_TRANSIT,1962.4,13
SHIP-00359,ORD-00100,LOC-PHX-RDC,LOC-DEN-RDC,SKU-070,31,2024-12-11,2024-06-04,1938.7,C.H. Robinson,DELIVERED,1141.2,1
SHIP-00360,ORD-00001,LOC-MIA-RDC,LOC-SEA-RDC,Sku-093,132,2024-04-15,2024-07-22,3167.96,USPS,DELAYED,522.8,17
SHIP-00361,ORD-00061,LOC-MIA-RDC,LOC-POR-RDC,Sku-108,113,2024-06-21,2024-12-10,1353.57,Werner,IN_TRANSIT,876.8,13
SHIP-00362,ORD-00013,LOC-LAX-DC1,LOC-PHX-RDC,Sku-163,109,2024-09-11,2024-07-09,759.44,J.B. Hunt,IN_TRANSIT,1189.2,4
SHIP-00363,ORD-00239,LOC-MIA-RDC,LOC-MIA-RDC,sku_092,178,2024-09-14,2024-03-09,2740.21,J.B. Hunt,RETURNED,150.8,7
SHIP-00364,ORD-00061,LOC-STL-RDC,LOC-POR-RDC,Sku-013,69,2024-12-07,2024-10-14,3159.6,Werner,LOST,1246.6,17
SHIP-00365,ORD-00107,LOC-DET-RDC,LOC-HOU-RDC,SKU-075,158,2024-06-22,2024-01-23,490.35,J.B. Hunt,DELIVERED,1962.4,9
SHIP-00366,ORD-00213,LOC-DEN-RDC,LOC-HOU-RDC,SKU-075,120,2024-03-26,2024-10-25,100274.0,XPO,RETURNED,384.3,4
SHIP-00367,ORD-00212,LOC-SEA-RDC,LOC-SEA-RDC,SKU136,88,2024-11-10,2024-04-02,642.46,FedEx,RETURNED,1586.2,19
SHIP-00368,ORD-00024,LOC-PHX-RDC,LOC-POR-RDC,SKU 164,187,2024-06-02,2024-05-14,1400.42,USPS,DELAYED,1816.3,1
SHIP-00369,ORD-00171,LOC-NYC-DC1,LOC-POR-RDC,SKU-020,67,2024-07-05,2024-03-28,1777.29,USPS,LOST,1887.7,10
SHIP-00370,ORD-00180,LOC-PHX-RDC,LOC-MIA-RDC,sku_132,75,2024-08-11,2024-09-15,2875.68,USPS,RETURNED,1920.5,4
SHIP-00371,ORD-00287,LOC-CHI-DC1,LOC-STL-RDC,SKU-050,45,2024-04-13,2024-09-10,2516.22,J.B. Hunt,DELIVERED,1045.3,9
SHIP-00372,ORD-00109,LOC-CHI-DC1,LOC-MIA-RDC,sku_197,4,2024-09-11,2024-06-23,2405.02,J.B. Hunt,LOST,1954.7,13
SHIP-00373,ORD-00006,LOC-ATL-DC1,LOC-MIN-RDC,SKU161,154,2024-11-21,2024-08-28,1416.74,Werner,DELIVERED,1515.8,14
SHIP-00374,ORD-00104,LOC-CHI-DC1,LOC-POR-RDC,sku_047,155,2024-02-08,2024-03-09,3216.53,J.B. Hunt,DELAYED,327.5,10
SHIP-00375,ORD-00145,LOC-POR-RDC,LOC-SEA-RDC,SKU196,174,2024-10-01,2024-02-16,1854.34,Werner,LOST,956.4,6
SHIP-00376,ORD-00131,LOC-LAX-DC1,LOC-DEN-RDC,SKU-025,107,2024-04-19,2024-06-12,3723.11,C.H. Robinson,IN_TRANSIT,1438.1,16
SHIP-00377,ORD-00035,LOC-LAX-DC1,LOC-STL-RDC,SKU 154,192,2024-05-27,2024-12-30,2453.64,C.H. Robinson,LOST,498.4,6
SHIP-00378,ORD-00158,LOC-DET-RDC,LOC-MIN-RDC,Sku-193,51,2024-05-15,2024-09-29,584.65,USPS,DELIVERED,1283.0,17
SHIP-00379,ORD-00154,LOC-MIN-RDC,LOC-DET-RDC,Sku-043,50,2024-01-25,2024-08-10,2608.33,UPS,RETURNED,1334.9,10
SHIP-00380,ORD-00260,LOC-DEN-RDC,LOC-SEA-RDC,SKU-140,6,2024-06-01,2024-03-14,1316.38,Werner,DELAYED,329.6,18
SHIP-00381,ORD-00282,LOC-BOS-RDC,LOC-PHX-RDC,Sku-083,59,2024-10-20,2024-05-14,2645.68,FedEx,LOST,1132.3,22
SHIP-00382,ORD-00166,LOC-MIA-RDC,LOC-STL-RDC,SKU081,125,2024-07-24,2024-03-01,376.28,J.B. Hunt,DELAYED,1544.4,18
SHIP-00383,ORD-00004,LOC-SEA-RDC,LOC-PHX-RDC,SKU176,143,2024-04-25,2024-06-10,763.56,FedEx,DELIVERED,1000.3,3
SHIP-00384,ORD-00059,LOC-CHI-DC2,LOC-HOU-RDC,Sku-078,30,2024-11-15,2024-01-24,3269.11,USPS,DELIVERED,29.1,20
SHIP-00385,ORD-00171,LOC-CHI-DC1,LOC-DET-RDC,SKU-070,170,2024-02-17,2024-03-07,956.02,J.B. Hunt,DELIVERED,23.0,21
SHIP-00386,ORD-00175,LOC-ATL-DC1,LOC-HOU-RDC,SKU176,122,2024-10-23,2024-09-13,3200.31,XPO,RETURNED,717.3,15
SHIP-00387,ORD-00203,LOC-CHI-DC2,LOC-BOS-RDC,SKU 179,125,2024-02-18,2024-05-24,1147.74,J.B. Hunt,IN_TRANSIT,1852.8,15
SHIP-00388,ORD-00292,LOC-SEA-RDC,LOC-DEN-RDC,sku_177,37,2024-10-30,2024-07-04,2485.81,FedEx,DELAYED,461.2,4
SHIP-00389,ORD-00015,LOC-LAX-DC1,LOC-HOU-RDC,Sku-093,170,2024-06-21,2024-08-09,2674.47,XPO,IN_TRANSIT,1270.6,9
SHIP-00390,ORD-00090,LOC-LAX-DC1,LOC-MIN-RDC,SKU-025,124,2024-05-19,2024-05-25,2006.57,Werner,IN_TRANSIT,448.0,19
SHIP-00391,ORD-00100,LOC-ATL-DC1,LOC-SEA-RDC,sku_137,101,2024-02-04,2024-05-15,124354.0,USPS,DELAYED,646.7,17
SHIP-00392,ORD-00170,LOC-DAL-DC1,LOC-DET-RDC,SKU 149,35,2024-10-17,2024-11-10,902.53,USPS,DELIVERED,1696.8,11
SHIP-00393,ORD-00174,LOC-STL-RDC,LOC-MIN-RDC,SKU091,87,2024-09-28,2024-05-16,242.14,FedEx,IN_TRANSIT,1459.1,9
SHIP-00394,ORD-00246,LOC-NYC-DC1,LOC-SEA-RDC,sku_037,134,2024-08-31,2024-09-22,1238.52,USPS,DELAYED,195.3,10
SHIP-00395,ORD-00243,LOC-LAX-DC1,LOC-DEN-RDC,SKU 004,196,2024-08-06,2024-06-10,2523.64,J.B. Hunt,LOST,860.3,18
SHIP-00396,ORD-00019,LOC-NYC-DC1,LOC-STL-RDC,SKU036,18,2024-04-17,2024-08-12,3572.96,Werner,IN_TRANSIT,63.2,20
SHIP-00397,ORD-00070,LOC-MIA-RDC,LOC-MIN-RDC,Sku-133,113,2024-06-26,2024-03-26,3326.03,XPO,DELIVERED,964.4,13
SHIP-00398,ORD-00247,LOC-BOS-RDC,LOC-POR-RDC,Sku-073,29,2024-02-09,2024-06-11,2939.12,USPS,RETURNED,1326.6,8
SHIP-00399,ORD-00080,LOC-DET-RDC,LOC-HOU-RDC,SKU096,77,2024-11-29,2024-09-09,3021.49,Werner,DELAYED,241.4,7
SHIP-00400,ORD-00236,LOC-ATL-DC1,LOC-SEA-RDC,SKU-200,59,2024-06-03,2024-03-19,2567.14,USPS,IN_TRANSIT,581.3,17
